Year_Month,Travel_Mode,Card_type,Trip
2016-07,Bus,Adult,13146432
2016-07,Bus,Child/Youth,1079640
2016-07,Bus,Concession,1845322
2016-07,Bus,Employee,64989
2016-07,Bus,Free Travel,25228
2016-07,Bus,School Student,1297240
2016-07,Bus,Senior/Pensioner,3739658
2016-07,Ferry,Adult,861272
2016-07,Ferry,Child/Youth,108450
2016-07,Ferry,Concession,71362
2016-07,Ferry,Employee,5251
2016-07,Ferry,Free Travel,1317
2016-07,Ferry,School Student,1295
2016-07,Ferry,Senior/Pensioner,152188
2016-07,Ferry,Sgl Trip Ferry Adult,10030
2016-07,Ferry,Sgl Trip Ferry Child/Youth,2547
2016-07,Light rail,Adult,595732
2016-07,Light rail,Child/Youth,48667
2016-07,Light rail,Concession,27107
2016-07,Light rail,Employee,2
2016-07,Light rail,Free Travel,693
2016-07,Light rail,LR-MST,24913
2016-07,Light rail,School Student,994
2016-07,Light rail,Senior/Pensioner,128228
2016-07,Light rail,Sgl Trip LR Adult,1094
2016-07,Light rail,Sgl Trip LR Child/Youth,302
2016-07,Train,Adult,22145198
2016-07,Train,Child/Youth,1107160
2016-07,Train,Concession,2105013
2016-07,Train,Employee,264074
2016-07,Train,Free Travel,24395
2016-07,Train,School Student,511309
2016-07,Train,Senior/Pensioner,2567262
2016-07,Train,Sgl Trip Rail Adult,75274
2016-07,Train,Sgl Trip Rail Child/Youth,19564
2016-08,Bus,Adult,14080864
2016-08,Bus,Adult Single Bus Trip 1,213548
2016-08,Bus,Adult Single Bus Trip 2,149890
2016-08,Bus,Adult Single Bus Trip 3,60625
2016-08,Bus,Child/Youth,1034488
2016-08,Bus,Child/Youth Single Bus Trip 1,85540
2016-08,Bus,Child/Youth Single Bus Trip 2,52781
2016-08,Bus,Child/Youth Single Bus Trip 3,15864
2016-08,Bus,Concession,2168046
2016-08,Bus,Employee,73112
2016-08,Bus,Free Travel,32202
2016-08,Bus,School Student,3135595
2016-08,Bus,Senior/Pensioner,4108217
2016-08,Ferry,Adult,773097
2016-08,Ferry,Child/Youth,81256
2016-08,Ferry,Concession,25177
2016-08,Ferry,Employee,4780
2016-08,Ferry,Free Travel,1728
2016-08,Ferry,School Student,2701
2016-08,Ferry,Senior/Pensioner,158521
2016-08,Ferry,Sgl Trip Ferry Adult,39692
2016-08,Ferry,Sgl Trip Ferry Child/Youth,8103
2016-08,Light rail,Adult,626133
2016-08,Light rail,Child/Youth,40298
2016-08,Light rail,Concession,31569
2016-08,Light rail,Free Travel,888
2016-08,Light rail,School Student,4940
2016-08,Light rail,Senior/Pensioner,134404
2016-08,Light rail,Sgl Trip LR Adult,2068
2016-08,Light rail,Sgl Trip LR Child/Youth,500
2016-08,Train,Adult,24129963
2016-08,Train,Child/Youth,946988
2016-08,Train,Concession,2656456
2016-08,Train,Employee,304666
2016-08,Train,Free Travel,30830
2016-08,Train,School Student,1125676
2016-08,Train,Senior/Pensioner,2849358
2016-08,Train,Sgl Trip Rail Adult,296696
2016-08,Train,Sgl Trip Rail Child/Youth,53347
2016-09,Bus,Adult,13283356
2016-09,Bus,Adult Single Bus Trip 1,185031
2016-09,Bus,Adult Single Bus Trip 2,122355
2016-09,Bus,Adult Single Bus Trip 3,50083
2016-09,Bus,Child/Youth,1130778
2016-09,Bus,Child/Youth Single Bus Trip 1,71536
2016-09,Bus,Child/Youth Single Bus Trip 2,47969
2016-09,Bus,Child/Youth Single Bus Trip 3,14739
2016-09,Bus,Concession,1736089
2016-09,Bus,Employee,71783
2016-09,Bus,Free Travel,32715
2016-09,Bus,School Student,2244235
2016-09,Bus,Senior/Pensioner,4020871
2016-09,Ferry,Adult,783747
2016-09,Ferry,Child/Youth,103302
2016-09,Ferry,Concession,25070
2016-09,Ferry,Employee,4975
2016-09,Ferry,Free Travel,1920
2016-09,Ferry,School Student,1830
2016-09,Ferry,Senior/Pensioner,165216
2016-09,Ferry,Sgl Trip Ferry Adult,46928
2016-09,Ferry,Sgl Trip Ferry Child/Youth,10730
2016-09,Light rail,Adult,545779
2016-09,Light rail,Child/Youth,41089
2016-09,Light rail,Concession,26988
2016-09,Light rail,Free Travel,844
2016-09,Light rail,School Student,4389
2016-09,Light rail,Senior/Pensioner,135478
2016-09,Light rail,Sgl Trip LR Adult,2773
2016-09,Light rail,Sgl Trip LR Child/Youth,733
2016-09,Train,Adult,23062165
2016-09,Train,Child/Youth,1094712
2016-09,Train,Concession,2131790
2016-09,Train,Employee,302130
2016-09,Train,Free Travel,30292
2016-09,Train,School Student,833102
2016-09,Train,Senior/Pensioner,2816602
2016-09,Train,Sgl Trip Rail Adult,311066
2016-09,Train,Sgl Trip Rail Child/Youth,66493
2016-10,Bus,Adult,13399297
2016-10,Bus,Adult Single Bus Trip 1,183834
2016-10,Bus,Adult Single Bus Trip 2,120313
2016-10,Bus,Adult Single Bus Trip 3,49327
2016-10,Bus,Child/Youth,1180998
2016-10,Bus,Child/Youth Single Bus Trip 1,65256
2016-10,Bus,Child/Youth Single Bus Trip 2,44063
2016-10,Bus,Child/Youth Single Bus Trip 3,13664
2016-10,Bus,Concession,1722565
2016-10,Bus,Employee,71428
2016-10,Bus,Free Travel,33031
2016-10,Bus,School Student,2115831
2016-10,Bus,Senior/Pensioner,4095695
2016-10,Ferry,Adult,879150
2016-10,Ferry,Child/Youth,119399
2016-10,Ferry,Concession,24094
2016-10,Ferry,Employee,5435
2016-10,Ferry,Free Travel,2081
2016-10,Ferry,School Student,1594
2016-10,Ferry,Senior/Pensioner,187265
2016-10,Ferry,Sgl Trip Ferry Adult,52692
2016-10,Ferry,Sgl Trip Ferry Child/Youth,9442
2016-10,Light rail,Adult,554854
2016-10,Light rail,Child/Youth,39224
2016-10,Light rail,Concession,26874
2016-10,Light rail,Employee,1
2016-10,Light rail,Free Travel,899
2016-10,Light rail,School Student,4304
2016-10,Light rail,Senior/Pensioner,147173
2016-10,Light rail,Sgl Trip LR Adult,2916
2016-10,Light rail,Sgl Trip LR Child/Youth,715
2016-10,Train,Adult,22608261
2016-10,Train,Child/Youth,1120560
2016-10,Train,Concession,2065326
2016-10,Train,Employee,289301
2016-10,Train,Free Travel,30205
2016-10,Train,School Student,759479
2016-10,Train,Senior/Pensioner,2859632
2016-10,Train,Sgl Trip Rail Adult,311836
2016-10,Train,Sgl Trip Rail Child/Youth,62233
2016-11,Bus,Adult,14203977
2016-11,Bus,Adult Single Bus Trip 1,190359
2016-11,Bus,Adult Single Bus Trip 2,122653
2016-11,Bus,Adult Single Bus Trip 3,48268
2016-11,Bus,Child/Youth,1142170
2016-11,Bus,Child/Youth Single Bus Trip 1,57618
2016-11,Bus,Child/Youth Single Bus Trip 2,33400
2016-11,Bus,Child/Youth Single Bus Trip 3,9669
2016-11,Bus,Concession,1391898
2016-11,Bus,Employee,76755
2016-11,Bus,Free Travel,36217
2016-11,Bus,School Student,2792634
2016-11,Bus,Senior/Pensioner,4316765
2016-11,Ferry,Adult,929645
2016-11,Ferry,Child/Youth,76663
2016-11,Ferry,Concession,25891
2016-11,Ferry,Employee,5914
2016-11,Ferry,Free Travel,2271
2016-11,Ferry,School Student,2150
2016-11,Ferry,Senior/Pensioner,195969
2016-11,Ferry,Sgl Trip Ferry Adult,57975
2016-11,Ferry,Sgl Trip Ferry Child/Youth,6023
2016-11,Light rail,Adult,511961
2016-11,Light rail,Child/Youth,28564
2016-11,Light rail,Concession,25699
2016-11,Light rail,Free Travel,776
2016-11,Light rail,School Student,5599
2016-11,Light rail,Senior/Pensioner,130118
2016-11,Light rail,Sgl Trip LR Adult,2204
2016-11,Light rail,Sgl Trip LR Child/Youth,344
2016-11,Train,Adult,23867512
2016-11,Train,Child/Youth,1036526
2016-11,Train,Concession,1707681
2016-11,Train,Employee,318627
2016-11,Train,Free Travel,33096
2016-11,Train,School Student,1013962
2016-11,Train,Senior/Pensioner,2969184
2016-11,Train,Sgl Trip Rail Adult,320085
2016-11,Train,Sgl Trip Rail Child/Youth,51606
2016-12,Bus,Adult,12839969
2016-12,Bus,Adult Single Bus Trip 1,190339
2016-12,Bus,Adult Single Bus Trip 2,124517
2016-12,Bus,Adult Single Bus Trip 3,51178
2016-12,Bus,Child/Youth,1311601
2016-12,Bus,Child/Youth Single Bus Trip 1,65006
2016-12,Bus,Child/Youth Single Bus Trip 2,48328
2016-12,Bus,Child/Youth Single Bus Trip 3,15754
2016-12,Bus,Concession,1038399
2016-12,Bus,Employee,71339
2016-12,Bus,Free Travel,34095
2016-12,Bus,School Student,1067910
2016-12,Bus,Senior/Pensioner,4022430
2016-12,Ferry,Adult,1050663
2016-12,Ferry,Child/Youth,144692
2016-12,Ferry,Concession,27905
2016-12,Ferry,Employee,5970
2016-12,Ferry,Free Travel,2219
2016-12,Ferry,School Student,796
2016-12,Ferry,Senior/Pensioner,187261
2016-12,Ferry,Sgl Trip Ferry Adult,70707
2016-12,Ferry,Sgl Trip Ferry Child/Youth,16773
2016-12,Light rail,Adult,533991
2016-12,Light rail,Child/Youth,39398
2016-12,Light rail,Concession,24597
2016-12,Light rail,Free Travel,752
2016-12,Light rail,School Student,2109
2016-12,Light rail,Senior/Pensioner,122012
2016-12,Light rail,Sgl Trip LR Adult,2875
2016-12,Light rail,Sgl Trip LR Child/Youth,787
2016-12,Train,Adult,21532401
2016-12,Train,Child/Youth,1353758
2016-12,Train,Concession,1361789
2016-12,Train,Employee,285847
2016-12,Train,Free Travel,29099
2016-12,Train,School Student,404194
2016-12,Train,Senior/Pensioner,2773808
2016-12,Train,Sgl Trip Rail Adult,362922
2016-12,Train,Sgl Trip Rail Child/Youth,85766
2017-01,Bus,Adult,12658936
2017-01,Bus,Adult Single Bus Trip 1,182210
2017-01,Bus,Adult Single Bus Trip 2,116130
2017-01,Bus,Adult Single Bus Trip 3,46161
2017-01,Bus,Child/Youth,1405219
2017-01,Bus,Child/Youth Single Bus Trip 1,66323
2017-01,Bus,Child/Youth Single Bus Trip 2,53334
2017-01,Bus,Child/Youth Single Bus Trip 3,18050
2017-01,Bus,Concession,985862
2017-01,Bus,Employee,66458
2017-01,Bus,Free Travel,31281
2017-01,Bus,School Student,168257
2017-01,Bus,Senior/Pensioner,3752674
2017-01,Ferry,Adult,1164945
2017-01,Ferry,Child/Youth,217918
2017-01,Ferry,Concession,28552
2017-01,Ferry,Employee,5959
2017-01,Ferry,Free Travel,2234
2017-01,Ferry,School Student,139
2017-01,Ferry,Senior/Pensioner,220534
2017-01,Ferry,Sgl Trip Ferry Adult,76631
2017-01,Ferry,Sgl Trip Ferry Child/Youth,21171
2017-01,Light rail,Adult,313530
2017-01,Light rail,Child/Youth,33524
2017-01,Light rail,Concession,14678
2017-01,Light rail,Free Travel,394
2017-01,Light rail,School Student,323
2017-01,Light rail,Senior/Pensioner,63828
2017-01,Light rail,Sgl Trip LR Adult,1986
2017-01,Light rail,Sgl Trip LR Child/Youth,735
2017-01,Train,Adult,20689527
2017-01,Train,Child/Youth,1485300
2017-01,Train,Concession,1255327
2017-01,Train,Employee,259349
2017-01,Train,Free Travel,26745
2017-01,Train,School Student,67891
2017-01,Train,Senior/Pensioner,2566223
2017-01,Train,Sgl Trip Rail Adult,299852
2017-01,Train,Sgl Trip Rail Child/Youth,85208
2017-02,Bus,Adult,13182869
2017-02,Bus,Adult Single Bus Trip 1,167293
2017-02,Bus,Adult Single Bus Trip 2,104008
2017-02,Bus,Adult Single Bus Trip 3,39559
2017-02,Bus,Child/Youth,1166175
2017-02,Bus,Child/Youth Single Bus Trip 1,39460
2017-02,Bus,Child/Youth Single Bus Trip 2,26163
2017-02,Bus,Child/Youth Single Bus Trip 3,7942
2017-02,Bus,Concession,1240006
2017-02,Bus,Employee,69228
2017-02,Bus,Free Travel,33326
2017-02,Bus,School Student,2600682
2017-02,Bus,Senior/Pensioner,3857972
2017-02,Ferry,Adult,865014
2017-02,Ferry,Child/Youth,57121
2017-02,Ferry,Concession,23803
2017-02,Ferry,Employee,4826
2017-02,Ferry,Free Travel,1897
2017-02,Ferry,School Student,1914
2017-02,Ferry,Senior/Pensioner,169864
2017-02,Ferry,Sgl Trip Ferry Adult,56176
2017-02,Ferry,Sgl Trip Ferry Child/Youth,5700
2017-02,Light rail,Adult,545607
2017-02,Light rail,Child/Youth,32626
2017-02,Light rail,Concession,28344
2017-02,Light rail,Free Travel,697
2017-02,Light rail,School Student,6101
2017-02,Light rail,Senior/Pensioner,124005
2017-02,Light rail,Sgl Trip LR Adult,2500
2017-02,Light rail,Sgl Trip LR Child/Youth,428
2017-02,Train,Adult,21960594
2017-02,Train,Child/Youth,977309
2017-02,Train,Concession,1527275
2017-02,Train,Employee,287362
2017-02,Train,Free Travel,30092
2017-02,Train,School Student,1028738
2017-02,Train,Senior/Pensioner,2620981
2017-02,Train,Sgl Trip Rail Adult,288914
2017-02,Train,Sgl Trip Rail Child/Youth,45771
2017-03,Bus,Adult,15239178
2017-03,Bus,Adult Single Bus Trip 1,177223
2017-03,Bus,Adult Single Bus Trip 2,109926
2017-03,Bus,Adult Single Bus Trip 3,42288
2017-03,Bus,Child/Youth,1229286
2017-03,Bus,Child/Youth Single Bus Trip 1,43347
2017-03,Bus,Child/Youth Single Bus Trip 2,26923
2017-03,Bus,Child/Youth Single Bus Trip 3,8514
2017-03,Bus,Concession,2375998
2017-03,Bus,Employee,78376
2017-03,Bus,Free Travel,38557
2017-03,Bus,School Student,3137115
2017-03,Bus,Senior/Pensioner,4304384
2017-03,Ferry,Adult,882559
2017-03,Ferry,Child/Youth,63608
2017-03,Ferry,Concession,29447
2017-03,Ferry,Employee,4894
2017-03,Ferry,Free Travel,1857
2017-03,Ferry,School Student,2069
2017-03,Ferry,Senior/Pensioner,169605
2017-03,Ferry,Sgl Trip Ferry Adult,55429
2017-03,Ferry,Sgl Trip Ferry Child/Youth,6774
2017-03,Light rail,Adult,639505
2017-03,Light rail,Child/Youth,35233
2017-03,Light rail,Concession,36897
2017-03,Light rail,Free Travel,906
2017-03,Light rail,School Student,7282
2017-03,Light rail,Senior/Pensioner,151966
2017-03,Light rail,Sgl Trip LR Adult,2833
2017-03,Light rail,Sgl Trip LR Child/Youth,440
2017-03,Train,Adult,25670277
2017-03,Train,Child/Youth,1061092
2017-03,Train,Concession,2874972
2017-03,Train,Employee,331728
2017-03,Train,Free Travel,34502
2017-03,Train,School Student,1236042
2017-03,Train,Senior/Pensioner,2983728
2017-03,Train,Sgl Trip Rail Adult,320440
2017-03,Train,Sgl Trip Rail Child/Youth,53604
2017-04,Bus,Adult,12477134
2017-04,Bus,Adult Single Bus Trip 1,158538
2017-04,Bus,Adult Single Bus Trip 2,98729
2017-04,Bus,Adult Single Bus Trip 3,39330
2017-04,Bus,Child/Youth,1276586
2017-04,Bus,Child/Youth Single Bus Trip 1,54620
2017-04,Bus,Child/Youth Single Bus Trip 2,42726
2017-04,Bus,Child/Youth Single Bus Trip 3,12903
2017-04,Bus,Concession,1647277
2017-04,Bus,Employee,65750
2017-04,Bus,Free Travel,33012
2017-04,Bus,School Student,1062002
2017-04,Bus,Senior/Pensioner,3754438
2017-04,Ferry,Adult,953347
2017-04,Ferry,Child/Youth,149935
2017-04,Ferry,Concession,28963
2017-04,Ferry,Employee,5172
2017-04,Ferry,Free Travel,2199
2017-04,Ferry,School Student,839
2017-04,Ferry,Senior/Pensioner,193582
2017-04,Ferry,Sgl Trip Ferry Adult,59293
2017-04,Ferry,Sgl Trip Ferry Child/Youth,15138
2017-04,Light rail,Adult,587812
2017-04,Light rail,Child/Youth,48789
2017-04,Light rail,Concession,30959
2017-04,Light rail,Free Travel,905
2017-04,Light rail,School Student,2198
2017-04,Light rail,Senior/Pensioner,141087
2017-04,Light rail,Sgl Trip LR Adult,2666
2017-04,Light rail,Sgl Trip LR Child/Youth,821
2017-04,Train,Adult,21558784
2017-04,Train,Child/Youth,1333722
2017-04,Train,Concession,2080422
2017-04,Train,Employee,260847
2017-04,Train,Free Travel,29582
2017-04,Train,School Student,427515
2017-04,Train,Senior/Pensioner,2679990
2017-04,Train,Sgl Trip Rail Adult,298912
2017-04,Train,Sgl Trip Rail Child/Youth,75955
2017-05,Bus,Adult,14803185
2017-05,Bus,Adult Single Bus Trip 1,168079
2017-05,Bus,Adult Single Bus Trip 2,102429
2017-05,Bus,Adult Single Bus Trip 3,39400
2017-05,Bus,Child/Youth,1122661
2017-05,Bus,Child/Youth Single Bus Trip 1,40946
2017-05,Bus,Child/Youth Single Bus Trip 2,25907
2017-05,Bus,Child/Youth Single Bus Trip 3,7355
2017-05,Bus,Concession,2193095
2017-05,Bus,Employee,77797
2017-05,Bus,Free Travel,40054
2017-05,Bus,School Student,3124770
2017-05,Bus,Senior/Pensioner,4329706
2017-05,Ferry,Adult,812318
2017-05,Ferry,Child/Youth,63543
2017-05,Ferry,Concession,28200
2017-05,Ferry,Employee,5428
2017-05,Ferry,Free Travel,2355
2017-05,Ferry,School Student,2435
2017-05,Ferry,Senior/Pensioner,189654
2017-05,Ferry,Sgl Trip Ferry Adult,40290
2017-05,Ferry,Sgl Trip Ferry Child/Youth,5607
2017-05,Light rail,Adult,614636
2017-05,Light rail,Child/Youth,31460
2017-05,Light rail,Concession,32391
2017-05,Light rail,Free Travel,936
2017-05,Light rail,School Student,6885
2017-05,Light rail,Senior/Pensioner,144208
2017-05,Light rail,Sgl Trip LR Adult,2535
2017-05,Light rail,Sgl Trip LR Child/Youth,432
2017-05,Train,Adult,26157005
2017-05,Train,Child/Youth,952898
2017-05,Train,Concession,2727746
2017-05,Train,Employee,332707
2017-05,Train,Free Travel,35442
2017-05,Train,School Student,1272946
2017-05,Train,Senior/Pensioner,3039985
2017-05,Train,Sgl Trip Rail Adult,293744
2017-05,Train,Sgl Trip Rail Child/Youth,50537
2017-06,Bus,Adult,13139949
2017-06,Bus,Adult Single Bus Trip 1,149534
2017-06,Bus,Adult Single Bus Trip 2,90172
2017-06,Bus,Adult Single Bus Trip 3,35967
2017-06,Bus,Child/Youth,1066813
2017-06,Bus,Child/Youth Single Bus Trip 1,38891
2017-06,Bus,Child/Youth Single Bus Trip 2,25954
2017-06,Bus,Child/Youth Single Bus Trip 3,7945
2017-06,Bus,Concession,1472712
2017-06,Bus,Employee,69266
2017-06,Bus,Free Travel,35256
2017-06,Bus,School Student,2499684
2017-06,Bus,Senior/Pensioner,3904931
2017-06,Ferry,Adult,791353
2017-06,Ferry,Child/Youth,94767
2017-06,Ferry,Concession,26673
2017-06,Ferry,Employee,5164
2017-06,Ferry,Free Travel,2211
2017-06,Ferry,School Student,1764
2017-06,Ferry,Senior/Pensioner,180835
2017-06,Ferry,Sgl Trip Ferry Adult,42949
2017-06,Ferry,Sgl Trip Ferry Child/Youth,10431
2017-06,Light rail,Adult,615981
2017-06,Light rail,Child/Youth,39888
2017-06,Light rail,Concession,33781
2017-06,Light rail,Employee,1
2017-06,Light rail,Free Travel,956
2017-06,Light rail,School Student,4961
2017-06,Light rail,Senior/Pensioner,148978
2017-06,Light rail,Sgl Trip LR Adult,2837
2017-06,Light rail,Sgl Trip LR Child/Youth,623
2017-06,Train,Adult,24096554
2017-06,Train,Child/Youth,1076221
2017-06,Train,Concession,1944290
2017-06,Train,Employee,308301
2017-06,Train,Free Travel,31954
2017-06,Train,School Student,1054982
2017-06,Train,Senior/Pensioner,2840831
2017-06,Train,Sgl Trip Rail Adult,293213
2017-06,Train,Sgl Trip Rail Child/Youth,60524
2017-07,Bus,Adult,13625495
2017-07,Bus,Adult Single Bus Trip 1,159698
2017-07,Bus,Adult Single Bus Trip 2,96674
2017-07,Bus,Adult Single Bus Trip 3,36141
2017-07,Bus,Child/Youth,1386168
2017-07,Bus,Child/Youth Single Bus Trip 1,55170
2017-07,Bus,Child/Youth Single Bus Trip 2,42041
2017-07,Bus,Child/Youth Single Bus Trip 3,12555
2017-07,Bus,Concession,1361714
2017-07,Bus,Employee,71153
2017-07,Bus,Free Travel,36248
2017-07,Bus,School Student,1298172
2017-07,Bus,Senior/Pensioner,4020743
2017-07,Ferry,Adult,858171
2017-07,Ferry,CTP,2138
2017-07,Ferry,Child/Youth,157889
2017-07,Ferry,Concession,26169
2017-07,Ferry,Employee,4730
2017-07,Ferry,Free Travel,2328
2017-07,Ferry,School Student,1043
2017-07,Ferry,Senior/Pensioner,180265
2017-07,Ferry,Sgl Trip Ferry Adult,55823
2017-07,Ferry,Sgl Trip Ferry Child/Youth,20097
2017-07,Light rail,Adult,607262
2017-07,Light rail,Child/Youth,51615
2017-07,Light rail,Concession,30979
2017-07,Light rail,Employee,1
2017-07,Light rail,Free Travel,665
2017-07,Light rail,School Student,2976
2017-07,Light rail,Senior/Pensioner,135655
2017-07,Light rail,Sgl Trip LR Adult,4507
2017-07,Light rail,Sgl Trip LR Child/Youth,1486
2017-07,Train,Adult,23827242
2017-07,Train,Child/Youth,1407616
2017-07,Train,Concession,1719629
2017-07,Train,Employee,294034
2017-07,Train,Free Travel,32228
2017-07,Train,School Student,562500
2017-07,Train,Senior/Pensioner,2804836
2017-07,Train,Sgl Trip Rail Adult,330262
2017-07,Train,Sgl Trip Rail Child/Youth,92187
2017-08,Bus,Adult,14614966
2017-08,Bus,Adult Single Bus Trip 1,152050
2017-08,Bus,Adult Single Bus Trip 2,88604
2017-08,Bus,Adult Single Bus Trip 3,33402
2017-08,Bus,Child/Youth,1129569
2017-08,Bus,Child/Youth Single Bus Trip 1,37346
2017-08,Bus,Child/Youth Single Bus Trip 2,24122
2017-08,Bus,Child/Youth Single Bus Trip 3,6683
2017-08,Bus,Concession,2287083
2017-08,Bus,Day Pass Child/Youth w/o SAF,7
2017-08,Bus,Day Pass without SAF,15
2017-08,Bus,Employee,75220
2017-08,Bus,Free Travel,39408
2017-08,Bus,School Student,2871680
2017-08,Bus,Senior/Pensioner,4196065
2017-08,Ferry,Adult,759500
2017-08,Ferry,CTP,1976
2017-08,Ferry,Child/Youth,79252
2017-08,Ferry,Concession,27276
2017-08,Ferry,Day Pass Child/Youth w/o SAF,3
2017-08,Ferry,Day Pass without SAF,5
2017-08,Ferry,Employee,4423
2017-08,Ferry,Free Travel,2045
2017-08,Ferry,School Student,2206
2017-08,Ferry,Senior/Pensioner,164130
2017-08,Ferry,Sgl Trip Ferry Adult,47631
2017-08,Ferry,Sgl Trip Ferry Child/Youth,11008
2017-08,Light rail,Adult,575024
2017-08,Light rail,Child/Youth,33221
2017-08,Light rail,Concession,33944
2017-08,Light rail,Day Pass Child/Youth w/o SAF,3
2017-08,Light rail,Day Pass without SAF,2
2017-08,Light rail,Free Travel,840
2017-08,Light rail,School Student,7008
2017-08,Light rail,Senior/Pensioner,125345
2017-08,Light rail,Sgl Trip LR Adult,4398
2017-08,Light rail,Sgl Trip LR Child/Youth,905
2017-08,Train,Adult,25596844
2017-08,Train,Child/Youth,983919
2017-08,Train,Concession,2822581
2017-08,Train,Day Pass Child/Youth w/o SAF,9
2017-08,Train,Day Pass without SAF,18
2017-08,Train,Employee,316870
2017-08,Train,Free Travel,34768
2017-08,Train,School Student,1234164
2017-08,Train,Senior/Pensioner,2902953
2017-08,Train,Sgl Trip Rail Adult,329921
2017-08,Train,Sgl Trip Rail Child/Youth,63560
2017-09,Bus,Adult,13735459
2017-09,Bus,Adult Single Bus Trip 1,150254
2017-09,Bus,Adult Single Bus Trip 2,85965
2017-09,Bus,Adult Single Bus Trip 3,32005
2017-09,Bus,Child/Youth,1264103
2017-09,Bus,Child/Youth Single Bus Trip 1,45357
2017-09,Bus,Child/Youth Single Bus Trip 2,34037
2017-09,Bus,Child/Youth Single Bus Trip 3,9811
2017-09,Bus,Concession,1774365
2017-09,Bus,Day Pass Child/Youth w/o SAF,31
2017-09,Bus,Day Pass without SAF,152
2017-09,Bus,Employee,70403
2017-09,Bus,Free Travel,37030
2017-09,Bus,School Student,1932171
2017-09,Bus,Senior/Pensioner,3987618
2017-09,Ferry,Adult,810739
2017-09,Ferry,CTP,2049
2017-09,Ferry,Child/Youth,113007
2017-09,Ferry,Concession,27929
2017-09,Ferry,Day Pass without SAF,1
2017-09,Ferry,Employee,4735
2017-09,Ferry,Free Travel,2164
2017-09,Ferry,School Student,1626
2017-09,Ferry,Senior/Pensioner,172131
2017-09,Ferry,Sgl Trip Ferry Adult,51151
2017-09,Ferry,Sgl Trip Ferry Child/Youth,12129
2017-09,Light rail,Adult,557826
2017-09,Light rail,Child/Youth,36029
2017-09,Light rail,Concession,29661
2017-09,Light rail,Free Travel,789
2017-09,Light rail,School Student,4709
2017-09,Light rail,Senior/Pensioner,130108
2017-09,Light rail,Sgl Trip LR Adult,4194
2017-09,Light rail,Sgl Trip LR Child/Youth,899
2017-09,Train,Adult,24295203
2017-09,Train,Child/Youth,1219264
2017-09,Train,Concession,2208678
2017-09,Train,Day Pass Child/Youth w/o SAF,28
2017-09,Train,Day Pass without SAF,174
2017-09,Train,Employee,284062
2017-09,Train,Free Travel,30029
2017-09,Train,School Student,819372
2017-09,Train,Senior/Pensioner,2805731
2017-09,Train,Sgl Trip Rail Adult,330192
2017-09,Train,Sgl Trip Rail Child/Youth,74585
2017-10,Bus,Adult,14493838
2017-10,Bus,Adult Single Bus Trip 1,154191
2017-10,Bus,Adult Single Bus Trip 2,88281
2017-10,Bus,Adult Single Bus Trip 3,32576
2017-10,Bus,Child/Youth,1262367
2017-10,Bus,Child/Youth Single Bus Trip 1,42773
2017-10,Bus,Child/Youth Single Bus Trip 2,31260
2017-10,Bus,Child/Youth Single Bus Trip 3,8908
2017-10,Bus,Concession,1841943
2017-10,Bus,Day Pass Child/Youth w/o SAF,20
2017-10,Bus,Day Pass without SAF,76
2017-10,Bus,Employee,71545
2017-10,Bus,Free Travel,39006
2017-10,Bus,School Student,2060482
2017-10,Bus,Senior/Pensioner,4107245
2017-10,Ferry,Adult,897449
2017-10,Ferry,CTP,2459
2017-10,Ferry,Child/Youth,115643
2017-10,Ferry,Concession,25454
2017-10,Ferry,Day Pass without SAF,1
2017-10,Ferry,Employee,5098
2017-10,Ferry,Free Travel,2145
2017-10,Ferry,School Student,1718
2017-10,Ferry,Senior/Pensioner,183390
2017-10,Ferry,Sgl Trip Ferry Adult,58384
2017-10,Ferry,Sgl Trip Ferry Child/Youth,11756
2017-10,Light rail,Adult,628033
2017-10,Light rail,Child/Youth,38062
2017-10,Light rail,Concession,30368
2017-10,Light rail,Free Travel,946
2017-10,Light rail,School Student,4544
2017-10,Light rail,Senior/Pensioner,144853
2017-10,Light rail,Sgl Trip LR Adult,4756
2017-10,Light rail,Sgl Trip LR Child/Youth,899
2017-10,Train,Adult,25069317
2017-10,Train,Child/Youth,1167816
2017-10,Train,Concession,2229618
2017-10,Train,Day Pass Child/Youth w/o SAF,7
2017-10,Train,Day Pass without SAF,73
2017-10,Train,Employee,285686
2017-10,Train,Free Travel,30517
2017-10,Train,School Student,824499
2017-10,Train,Senior/Pensioner,2880156
2017-10,Train,Sgl Trip Rail Adult,351369
2017-10,Train,Sgl Trip Rail Child/Youth,71176
2017-11,Bus,Adult,14927209
2017-11,Bus,Adult Single Bus Trip 1,152433
2017-11,Bus,Adult Single Bus Trip 2,86713
2017-11,Bus,Adult Single Bus Trip 3,31905
2017-11,Bus,Child/Youth,1175200
2017-11,Bus,Child/Youth Single Bus Trip 1,36062
2017-11,Bus,Child/Youth Single Bus Trip 2,23996
2017-11,Bus,Child/Youth Single Bus Trip 3,6816
2017-11,Bus,Concession,1473370
2017-11,Bus,Day Pass without SAF,1
2017-11,Bus,Employee,74772
2017-11,Bus,Free Travel,39917
2017-11,Bus,School Student,2589339
2017-11,Bus,Senior/Pensioner,4269152
2017-11,Ferry,Adult,901775
2017-11,Ferry,CTP,2019
2017-11,Ferry,Child/Youth,75010
2017-11,Ferry,Concession,24358
2017-11,Ferry,Employee,5435
2017-11,Ferry,Free Travel,2330
2017-11,Ferry,School Student,2444
2017-11,Ferry,Senior/Pensioner,183905
2017-11,Ferry,Sgl Trip Ferry Adult,63149
2017-11,Ferry,Sgl Trip Ferry Child/Youth,7171
2017-11,Light rail,Adult,649009
2017-11,Light rail,Child/Youth,35504
2017-11,Light rail,Concession,31344
2017-11,Light rail,Employee,2
2017-11,Light rail,Free Travel,937
2017-11,Light rail,School Student,5671
2017-11,Light rail,Senior/Pensioner,146513
2017-11,Light rail,Sgl Trip LR Adult,5215
2017-11,Light rail,Sgl Trip LR Child/Youth,791
2017-11,Train,Adult,25763265
2017-11,Train,Child/Youth,1062144
2017-11,Train,Concession,1827754
2017-11,Train,Day Pass without SAF,2
2017-11,Train,Employee,300528
2017-11,Train,Free Travel,32193
2017-11,Train,School Student,1065221
2017-11,Train,Senior/Pensioner,2979774
2017-11,Train,Sgl Trip Rail Adult,366190
2017-11,Train,Sgl Trip Rail Child/Youth,60053
2017-12,Bus,Adult,13321082
2017-12,Bus,Adult Single Bus Trip 1,158523
2017-12,Bus,Adult Single Bus Trip 2,91020
2017-12,Bus,Adult Single Bus Trip 3,33611
2017-12,Bus,Child/Youth,1412859
2017-12,Bus,Child/Youth Single Bus Trip 1,48701
2017-12,Bus,Child/Youth Single Bus Trip 2,38599
2017-12,Bus,Child/Youth Single Bus Trip 3,11737
2017-12,Bus,Concession,1066654
2017-12,Bus,Day Pass Child/Youth w/o SAF,2
2017-12,Bus,Employee,69644
2017-12,Bus,Free Travel,35334
2017-12,Bus,School Student,926795
2017-12,Bus,Senior/Pensioner,3927879
2017-12,Ferry,Adult,1046211
2017-12,Ferry,CTP,2307
2017-12,Ferry,Child/Youth,146402
2017-12,Ferry,Concession,28201
2017-12,Ferry,Employee,5165
2017-12,Ferry,Free Travel,2099
2017-12,Ferry,School Student,988
2017-12,Ferry,Senior/Pensioner,185440
2017-12,Ferry,Sgl Trip Ferry Adult,75067
2017-12,Ferry,Sgl Trip Ferry Child/Youth,18807
2017-12,Light rail,Adult,643916
2017-12,Light rail,Child/Youth,49043
2017-12,Light rail,Concession,28319
2017-12,Light rail,Employee,1
2017-12,Light rail,Free Travel,852
2017-12,Light rail,School Student,1860
2017-12,Light rail,Senior/Pensioner,148175
2017-12,Light rail,Sgl Trip LR Adult,5741
2017-12,Light rail,Sgl Trip LR Child/Youth,1399
2017-12,Train,Adult,22729922
2017-12,Train,Child/Youth,1423432
2017-12,Train,Concession,1406927
2017-12,Train,Employee,254579
2017-12,Train,Free Travel,26829
2017-12,Train,School Student,385688
2017-12,Train,Senior/Pensioner,2749627
2017-12,Train,Sgl Trip Rail Adult,396404
2017-12,Train,Sgl Trip Rail Child/Youth,94481
2018-01,Bus,Adult,13665898
2018-01,Bus,Adult Single Bus Trip 1,144931
2018-01,Bus,Adult Single Bus Trip 2,80665
2018-01,Bus,Adult Single Bus Trip 3,29410
2018-01,Bus,Child/Youth,1559929
2018-01,Bus,Child/Youth Single Bus Trip 1,49176
2018-01,Bus,Child/Youth Single Bus Trip 2,40857
2018-01,Bus,Child/Youth Single Bus Trip 3,12535
2018-01,Bus,Concession,1022052
2018-01,Bus,Employee,67410
2018-01,Bus,Free Travel,34628
2018-01,Bus,On Demand,232
2018-01,Bus,Other,24389
2018-01,Bus,School Student,186979
2018-01,Bus,Senior/Pensioner,3857789
2018-01,Ferry,Adult,1112314
2018-01,Ferry,CTP,2466
2018-01,Ferry,Child/Youth,199548
2018-01,Ferry,Concession,29192
2018-01,Ferry,Employee,6262
2018-01,Ferry,Free Travel,2417
2018-01,Ferry,School Student,252
2018-01,Ferry,Senior/Pensioner,220589
2018-01,Ferry,Sgl Trip Ferry Adult,79580
2018-01,Ferry,Sgl Trip Ferry Child/Youth,23423
2018-01,Light rail,Adult,142036
2018-01,Light rail,Child/Youth,14275
2018-01,Light rail,Concession,6681
2018-01,Light rail,Free Travel,194
2018-01,Light rail,School Student,441
2018-01,Light rail,Senior/Pensioner,28435
2018-01,Light rail,Sgl Trip LR Adult,1211
2018-01,Light rail,Sgl Trip LR Child/Youth,447
2018-01,Train,Adult,22118391
2018-01,Train,Child/Youth,1491713
2018-01,Train,Concession,1278438
2018-01,Train,Day Pass without SAF,1
2018-01,Train,Employee,237035
2018-01,Train,Free Travel,24340
2018-01,Train,School Student,80493
2018-01,Train,Senior/Pensioner,2550328
2018-01,Train,Sgl Trip Rail Adult,317462
2018-01,Train,Sgl Trip Rail Child/Youth,88665
2018-02,Bus,Adult,14158256
2018-02,Bus,Adult Single Bus Trip 1,135021
2018-02,Bus,Adult Single Bus Trip 2,72765
2018-02,Bus,Adult Single Bus Trip 3,25901
2018-02,Bus,Child/Youth,1271723
2018-02,Bus,Child/Youth Single Bus Trip 1,28631
2018-02,Bus,Child/Youth Single Bus Trip 2,19424
2018-02,Bus,Child/Youth Single Bus Trip 3,5413
2018-02,Bus,Concession,1275676
2018-02,Bus,Employee,71212
2018-02,Bus,Free Travel,36666
2018-02,Bus,On Demand,672
2018-02,Bus,Other,55421
2018-02,Bus,School Student,2701483
2018-02,Bus,Senior/Pensioner,3956457
2018-02,Ferry,Adult,902195
2018-02,Ferry,CTP,2069
2018-02,Ferry,Child/Youth,65080
2018-02,Ferry,Concession,24733
2018-02,Ferry,Employee,4994
2018-02,Ferry,Free Travel,2129
2018-02,Ferry,School Student,2904
2018-02,Ferry,Senior/Pensioner,184482
2018-02,Ferry,Sgl Trip Ferry Adult,63773
2018-02,Ferry,Sgl Trip Ferry Child/Youth,8079
2018-02,Light rail,Adult,550240
2018-02,Light rail,Child/Youth,35485
2018-02,Light rail,Concession,26363
2018-02,Light rail,Free Travel,793
2018-02,Light rail,School Student,6277
2018-02,Light rail,Senior/Pensioner,135060
2018-02,Light rail,Sgl Trip LR Adult,4590
2018-02,Light rail,Sgl Trip LR Child/Youth,737
2018-02,Train,Adult,23096119
2018-02,Train,Child/Youth,1013582
2018-02,Train,Concession,1546266
2018-02,Train,Employee,259220
2018-02,Train,Free Travel,27068
2018-02,Train,School Student,1071662
2018-02,Train,Senior/Pensioner,2656033
2018-02,Train,Sgl Trip Rail Adult,314269
2018-02,Train,Sgl Trip Rail Child/Youth,51872
2018-03,Bus,Adult,15671919
2018-03,Bus,Adult Single Bus Trip 1,149812
2018-03,Bus,Adult Single Bus Trip 2,81989
2018-03,Bus,Adult Single Bus Trip 3,28085
2018-03,Bus,Child/Youth,1325239
2018-03,Bus,Child/Youth Single Bus Trip 1,33439
2018-03,Bus,Child/Youth Single Bus Trip 2,22468
2018-03,Bus,Child/Youth Single Bus Trip 3,6274
2018-03,Bus,Concession,2271925
2018-03,Bus,Day Pass Child/Youth w/o SAF,17
2018-03,Bus,Day Pass without SAF,45
2018-03,Bus,Employee,77210
2018-03,Bus,Free Travel,40280
2018-03,Bus,On Demand,1049
2018-03,Bus,Other,64634
2018-03,Bus,School Student,2983327
2018-03,Bus,Senior/Pensioner,4303012
2018-03,Ferry,Adult,977515
2018-03,Ferry,CTP,14690
2018-03,Ferry,Child/Youth,77736
2018-03,Ferry,Concession,32530
2018-03,Ferry,Employee,4829
2018-03,Ferry,Free Travel,2048
2018-03,Ferry,School Student,2544
2018-03,Ferry,Senior/Pensioner,200909
2018-03,Ferry,Sgl Trip Ferry Adult,61722
2018-03,Ferry,Sgl Trip Ferry Child/Youth,10095
2018-03,Light rail,Adult,615888
2018-03,Light rail,CTP,3018
2018-03,Light rail,Child/Youth,35724
2018-03,Light rail,Concession,34138
2018-03,Light rail,Free Travel,860
2018-03,Light rail,School Student,5884
2018-03,Light rail,Senior/Pensioner,143404
2018-03,Light rail,Sgl Trip LR Adult,4325
2018-03,Light rail,Sgl Trip LR Child/Youth,648
2018-03,Train,Adult,26186985
2018-03,Train,Child/Youth,1149786
2018-03,Train,Concession,2756796
2018-03,Train,Day Pass Child/Youth w/o SAF,4
2018-03,Train,Day Pass without SAF,32
2018-03,Train,Employee,289223
2018-03,Train,Free Travel,30090
2018-03,Train,School Student,1154541
2018-03,Train,Senior/Pensioner,2976317
2018-03,Train,Sgl Trip Rail Adult,361338
2018-03,Train,Sgl Trip Rail Child/Youth,62376
2018-04,Bus,Adult,14183574
2018-04,Bus,Adult Single Bus Trip 1,139901
2018-04,Bus,Adult Single Bus Trip 2,75101
2018-04,Bus,Adult Single Bus Trip 3,25295
2018-04,Bus,Child/Youth,1426034
2018-04,Bus,Child/Youth Single Bus Trip 1,41733
2018-04,Bus,Child/Youth Single Bus Trip 2,32744
2018-04,Bus,Child/Youth Single Bus Trip 3,9079
2018-04,Bus,Concession,1787676
2018-04,Bus,Day Pass Child/Youth w/o SAF,8
2018-04,Bus,Day Pass without SAF,111
2018-04,Bus,Employee,70833
2018-04,Bus,Free Travel,36465
2018-04,Bus,On Demand,1319
2018-04,Bus,Other,41889
2018-04,Bus,School Student,1243894
2018-04,Bus,Senior/Pensioner,3949337
2018-04,Ferry,Adult,982513
2018-04,Ferry,CTP,20559
2018-04,Ferry,Child/Youth,156154
2018-04,Ferry,Concession,29908
2018-04,Ferry,Employee,4990
2018-04,Ferry,Free Travel,2131
2018-04,Ferry,School Student,1064
2018-04,Ferry,Senior/Pensioner,214610
2018-04,Ferry,Sgl Trip Ferry Adult,54494
2018-04,Ferry,Sgl Trip Ferry Child/Youth,16375
2018-04,Light rail,Adult,586057
2018-04,Light rail,CTP,6047
2018-04,Light rail,Child/Youth,48611
2018-04,Light rail,Concession,28950
2018-04,Light rail,Employee,1
2018-04,Light rail,Free Travel,887
2018-04,Light rail,School Student,2521
2018-04,Light rail,Senior/Pensioner,151012
2018-04,Light rail,Sgl Trip LR Adult,3698
2018-04,Light rail,Sgl Trip LR Child/Youth,1173
2018-04,Train,Adult,23988605
2018-04,Train,Child/Youth,1375098
2018-04,Train,Concession,2206207
2018-04,Train,Day Pass Child/Youth w/o SAF,6
2018-04,Train,Day Pass without SAF,102
2018-04,Train,Employee,262786
2018-04,Train,Free Travel,28378
2018-04,Train,School Student,491342
2018-04,Train,Senior/Pensioner,2776197
2018-04,Train,Sgl Trip Rail Adult,303161
2018-04,Train,Sgl Trip Rail Child/Youth,80284
2018-05,Bus,Adult,15824004
2018-05,Bus,Adult Single Bus Trip 1,138667
2018-05,Bus,Adult Single Bus Trip 2,73371
2018-05,Bus,Adult Single Bus Trip 3,24464
2018-05,Bus,Child/Youth,1184699
2018-05,Bus,Child/Youth Single Bus Trip 1,29882
2018-05,Bus,Child/Youth Single Bus Trip 2,19692
2018-05,Bus,Child/Youth Single Bus Trip 3,5125
2018-05,Bus,Concession,2210352
2018-05,Bus,Day Pass Child/Youth w/o SAF,29
2018-05,Bus,Day Pass without SAF,206
2018-05,Bus,Employee,79814
2018-05,Bus,Free Travel,41549
2018-05,Bus,On Demand,1782
2018-05,Bus,Other,66092
2018-05,Bus,School Student,3252145
2018-05,Bus,Senior/Pensioner,4400482
2018-05,Ferry,Adult,828410
2018-05,Ferry,CTP,18440
2018-05,Ferry,Child/Youth,66680
2018-05,Ferry,Concession,27719
2018-05,Ferry,Employee,5203
2018-05,Ferry,Free Travel,2178
2018-05,Ferry,School Student,3347
2018-05,Ferry,Senior/Pensioner,201001
2018-05,Ferry,Sgl Trip Ferry Adult,40546
2018-05,Ferry,Sgl Trip Ferry Child/Youth,6662
2018-05,Light rail,Adult,627483
2018-05,Light rail,CTP,7480
2018-05,Light rail,Child/Youth,34958
2018-05,Light rail,Concession,30938
2018-05,Light rail,Day Pass without SAF,1
2018-05,Light rail,Free Travel,910
2018-05,Light rail,School Student,8352
2018-05,Light rail,Senior/Pensioner,144297
2018-05,Light rail,Sgl Trip LR Adult,3668
2018-05,Light rail,Sgl Trip LR Child/Youth,640
2018-05,Train,Adult,27561815
2018-05,Train,Child/Youth,960677
2018-05,Train,Concession,2700245
2018-05,Train,Day Pass Child/Youth w/o SAF,16
2018-05,Train,Day Pass without SAF,190
2018-05,Train,Employee,320124
2018-05,Train,Free Travel,32251
2018-05,Train,School Student,1304566
2018-05,Train,Senior/Pensioner,3076313
2018-05,Train,Sgl Trip Rail Adult,311005
2018-05,Train,Sgl Trip Rail Child/Youth,55363
2018-06,Bus,Adult,14071974
2018-06,Bus,Adult Single Bus Trip 1,119147
2018-06,Bus,Adult Single Bus Trip 2,62524
2018-06,Bus,Adult Single Bus Trip 3,20712
2018-06,Bus,Child/Youth,1113371
2018-06,Bus,Child/Youth Single Bus Trip 1,26701
2018-06,Bus,Child/Youth Single Bus Trip 2,18362
2018-06,Bus,Child/Youth Single Bus Trip 3,5138
2018-06,Bus,Concession,1499845
2018-06,Bus,Day Pass Child/Youth w/o SAF,4
2018-06,Bus,Day Pass without SAF,216
2018-06,Bus,Employee,71909
2018-06,Bus,Free Travel,37474
2018-06,Bus,On Demand,1896
2018-06,Bus,Other,56620
2018-06,Bus,School Student,2654907
2018-06,Bus,Senior/Pensioner,3898801
2018-06,Ferry,Adult,769271
2018-06,Ferry,CTP,20957
2018-06,Ferry,Child/Youth,91982
2018-06,Ferry,Concession,24723
2018-06,Ferry,Employee,4474
2018-06,Ferry,Free Travel,1969
2018-06,Ferry,School Student,4600
2018-06,Ferry,Senior/Pensioner,171076
2018-06,Ferry,Sgl Trip Ferry Adult,39564
2018-06,Ferry,Sgl Trip Ferry Child/Youth,11086
2018-06,Light rail,Adult,617941
2018-06,Light rail,CTP,7660
2018-06,Light rail,Child/Youth,39212
2018-06,Light rail,Concession,32095
2018-06,Light rail,Day Pass without SAF,1
2018-06,Light rail,Employee,1
2018-06,Light rail,Free Travel,761
2018-06,Light rail,School Student,6613
2018-06,Light rail,Senior/Pensioner,139229
2018-06,Light rail,Sgl Trip LR Adult,3644
2018-06,Light rail,Sgl Trip LR Child/Youth,792
2018-06,Train,Adult,24997620
2018-06,Train,Child/Youth,1084919
2018-06,Train,Concession,1925573
2018-06,Train,Day Pass Child/Youth w/o SAF,3
2018-06,Train,Day Pass without SAF,218
2018-06,Train,Employee,291309
2018-06,Train,Free Travel,29136
2018-06,Train,School Student,1094868
2018-06,Train,Senior/Pensioner,2811670
2018-06,Train,Sgl Trip Rail Adult,304921
2018-06,Train,Sgl Trip Rail Child/Youth,64108
2018-07,Bus,Adult,14663512
2018-07,Bus,Adult Single Bus Trip 1,125994
2018-07,Bus,Adult Single Bus Trip 2,71134
2018-07,Bus,Adult Single Bus Trip 3,21913
2018-07,Bus,Child/Youth,1478229
2018-07,Bus,Child/Youth Single Bus Trip 1,41280
2018-07,Bus,Child/Youth Single Bus Trip 2,31772
2018-07,Bus,Child/Youth Single Bus Trip 3,8494
2018-07,Bus,Concession,1385605
2018-07,Bus,Day Pass Child/Youth w/o SAF,10
2018-07,Bus,Day Pass without SAF,263
2018-07,Bus,Employee,75107
2018-07,Bus,Free Travel,40049
2018-07,Bus,On Demand,4117
2018-07,Bus,Other,37643
2018-07,Bus,School Student,1360830
2018-07,Bus,Senior/Pensioner,4136888
2018-07,Ferry,Adult,842678
2018-07,Ferry,CTP,15079
2018-07,Ferry,Child/Youth,153090
2018-07,Ferry,Concession,25100
2018-07,Ferry,Day Pass without SAF,5
2018-07,Ferry,Employee,4458
2018-07,Ferry,Free Travel,2174
2018-07,Ferry,School Student,2101
2018-07,Ferry,Senior/Pensioner,187491
2018-07,Ferry,Sgl Trip Ferry Adult,44585
2018-07,Ferry,Sgl Trip Ferry Child/Youth,17510
2018-07,Light rail,Adult,623308
2018-07,Light rail,CTP,9016
2018-07,Light rail,Child/Youth,53864
2018-07,Light rail,Concession,29101
2018-07,Light rail,Employee,21
2018-07,Light rail,Free Travel,779
2018-07,Light rail,School Student,3089
2018-07,Light rail,Senior/Pensioner,137015
2018-07,Light rail,Sgl Trip LR Adult,3170
2018-07,Light rail,Sgl Trip LR Child/Youth,1101
2018-07,Train,Adult,25719570
2018-07,Train,Child/Youth,1441083
2018-07,Train,Concession,1764348
2018-07,Train,Day Pass Child/Youth w/o SAF,11
2018-07,Train,Day Pass without SAF,295
2018-07,Train,Employee,294039
2018-07,Train,Free Travel,31329
2018-07,Train,School Student,545831
2018-07,Train,Senior/Pensioner,2906558
2018-07,Train,Sgl Trip Rail Adult,273148
2018-07,Train,Sgl Trip Rail Child/Youth,77382
2018-08,Bus,Adult,15671796
2018-08,Bus,Adult Single Bus Trip 1,117518
2018-08,Bus,Adult Single Bus Trip 2,66263
2018-08,Bus,Adult Single Bus Trip 3,20627
2018-08,Bus,Child/Youth,1210309
2018-08,Bus,Child/Youth Single Bus Trip 1,28189
2018-08,Bus,Child/Youth Single Bus Trip 2,18873
2018-08,Bus,Child/Youth Single Bus Trip 3,4924
2018-08,Bus,Concession,2255143
2018-08,Bus,Day Pass Child/Youth w/o SAF,15
2018-08,Bus,Day Pass without SAF,294
2018-08,Bus,Employee,84601
2018-08,Bus,Free Travel,42673
2018-08,Bus,On Demand,4888
2018-08,Bus,Other,68810
2018-08,Bus,School Student,3043783
2018-08,Bus,Senior/Pensioner,4327181
2018-08,Ferry,Adult,756150
2018-08,Ferry,CTP,14406
2018-08,Ferry,Child/Youth,77616
2018-08,Ferry,Concession,24487
2018-08,Ferry,Day Pass without SAF,4
2018-08,Ferry,Employee,3771
2018-08,Ferry,Free Travel,1908
2018-08,Ferry,School Student,5605
2018-08,Ferry,Senior/Pensioner,168088
2018-08,Ferry,Sgl Trip Ferry Adult,41119
2018-08,Ferry,Sgl Trip Ferry Child/Youth,10037
2018-08,Light rail,Adult,635271
2018-08,Light rail,CTP,9575
2018-08,Light rail,Child/Youth,38176
2018-08,Light rail,Concession,33463
2018-08,Light rail,Employee,916
2018-08,Light rail,Free Travel,912
2018-08,Light rail,School Student,8120
2018-08,Light rail,Senior/Pensioner,137236
2018-08,Light rail,Sgl Trip LR Adult,3475
2018-08,Light rail,Sgl Trip LR Child/Youth,645
2018-08,Train,Adult,27068989
2018-08,Train,Child/Youth,982120
2018-08,Train,Concession,2740748
2018-08,Train,Day Pass Child/Youth w/o SAF,14
2018-08,Train,Day Pass without SAF,312
2018-08,Train,Employee,302280
2018-08,Train,Free Travel,32190
2018-08,Train,School Student,1254541
2018-08,Train,Senior/Pensioner,2992574
2018-08,Train,Sgl Trip Rail Adult,286608
2018-08,Train,Sgl Trip Rail Child/Youth,53424
2018-09,Bus,Adult,14506860
2018-09,Bus,Adult Single Bus Trip 1,108216
2018-09,Bus,Adult Single Bus Trip 2,60426
2018-09,Bus,Adult Single Bus Trip 3,19918
2018-09,Bus,Child/Youth,1174339
2018-09,Bus,Child/Youth Single Bus Trip 1,27904
2018-09,Bus,Child/Youth Single Bus Trip 2,19441
2018-09,Bus,Child/Youth Single Bus Trip 3,5161
2018-09,Bus,Concession,1761178
2018-09,Bus,Day Pass Child/Youth w/o SAF,7
2018-09,Bus,Day Pass without SAF,259
2018-09,Bus,Employee,81888
2018-09,Bus,Free Travel,38771
2018-09,Bus,On Demand,4679
2018-09,Bus,Other,66227
2018-09,Bus,School Student,2566165
2018-09,Bus,Senior/Pensioner,4000218
2018-09,Ferry,Adult,781681
2018-09,Ferry,CTP,13924
2018-09,Ferry,Child/Youth,83827
2018-09,Ferry,Concession,22900
2018-09,Ferry,Day Pass without SAF,1
2018-09,Ferry,Employee,4119
2018-09,Ferry,Free Travel,2004
2018-09,Ferry,School Student,4833
2018-09,Ferry,Senior/Pensioner,170563
2018-09,Ferry,Sgl Trip Ferry Adult,41289
2018-09,Ferry,Sgl Trip Ferry Child/Youth,8921
2018-09,Light rail,Adult,618552
2018-09,Light rail,CTP,9945
2018-09,Light rail,Child/Youth,37820
2018-09,Light rail,Concession,30445
2018-09,Light rail,Day Pass without SAF,1
2018-09,Light rail,Employee,1189
2018-09,Light rail,Free Travel,761
2018-09,Light rail,School Student,7017
2018-09,Light rail,Senior/Pensioner,137410
2018-09,Light rail,Sgl Trip LR Adult,3362
2018-09,Light rail,Sgl Trip LR Child/Youth,594
2018-09,Train,Adult,25212167
2018-09,Train,Child/Youth,1041145
2018-09,Train,Concession,2168858
2018-09,Train,Day Pass Child/Youth w/o SAF,9
2018-09,Train,Day Pass without SAF,319
2018-09,Train,Employee,283396
2018-09,Train,Free Travel,30433
2018-09,Train,School Student,1093627
2018-09,Train,Senior/Pensioner,2853772
2018-09,Train,Sgl Trip Rail Adult,284117
2018-09,Train,Sgl Trip Rail Child/Youth,53639
2018-10,Bus,Adult,15736379
2018-10,Bus,Adult Single Bus Trip 1,115049
2018-10,Bus,Adult Single Bus Trip 2,63772
2018-10,Bus,Adult Single Bus Trip 3,21456
2018-10,Bus,Child/Youth,1418158
2018-10,Bus,Child/Youth Single Bus Trip 1,34527
2018-10,Bus,Child/Youth Single Bus Trip 2,25996
2018-10,Bus,Child/Youth Single Bus Trip 3,7029
2018-10,Bus,Concession,1824756
2018-10,Bus,Day Pass Child/Youth w/o SAF,8
2018-10,Bus,Day Pass without SAF,369
2018-10,Bus,Employee,88362
2018-10,Bus,Free Travel,41366
2018-10,Bus,On Demand,5295
2018-10,Bus,Other,81377
2018-10,Bus,School Student,1721983
2018-10,Bus,Senior/Pensioner,4228361
2018-10,Ferry,Adult,761780
2018-10,Ferry,CTP,16320
2018-10,Ferry,Child/Youth,91168
2018-10,Ferry,Concession,20365
2018-10,Ferry,Day Pass without SAF,3
2018-10,Ferry,Employee,3997
2018-10,Ferry,Free Travel,1976
2018-10,Ferry,School Student,2911
2018-10,Ferry,Senior/Pensioner,171082
2018-10,Ferry,Sgl Trip Ferry Adult,45136
2018-10,Ferry,Sgl Trip Ferry Child/Youth,9845
2018-10,Light rail,Adult,609091
2018-10,Light rail,CTP,10940
2018-10,Light rail,Child/Youth,39129
2018-10,Light rail,Concession,27585
2018-10,Light rail,Day Pass without SAF,2
2018-10,Light rail,Employee,1275
2018-10,Light rail,Free Travel,788
2018-10,Light rail,School Student,4384
2018-10,Light rail,Senior/Pensioner,130612
2018-10,Light rail,Sgl Trip LR Adult,2881
2018-10,Light rail,Sgl Trip LR Child/Youth,624
2018-10,Train,Adult,26675966
2018-10,Train,Child/Youth,1220318
2018-10,Train,Concession,2223132
2018-10,Train,Day Pass Child/Youth w/o SAF,10
2018-10,Train,Day Pass without SAF,374
2018-10,Train,Employee,311734
2018-10,Train,Free Travel,35210
2018-10,Train,School Student,692192
2018-10,Train,Senior/Pensioner,2975395
2018-10,Train,Sgl Trip Rail Adult,304980
2018-10,Train,Sgl Trip Rail Child/Youth,62339
2018-11,Bus,Adult,16168800
2018-11,Bus,Adult Single Bus Trip 1,118254
2018-11,Bus,Adult Single Bus Trip 2,66378
2018-11,Bus,Adult Single Bus Trip 3,21421
2018-11,Bus,Child/Youth,1248624
2018-11,Bus,Child/Youth Single Bus Trip 1,28168
2018-11,Bus,Child/Youth Single Bus Trip 2,19078
2018-11,Bus,Child/Youth Single Bus Trip 3,5046
2018-11,Bus,Concession,1440331
2018-11,Bus,Day Pass Child/Youth w/o SAF,25
2018-11,Bus,Day Pass without SAF,489
2018-11,Bus,Employee,91102
2018-11,Bus,Free Travel,42416
2018-11,Bus,On Demand,5377
2018-11,Bus,Other,174528
2018-11,Bus,School Student,2817780
2018-11,Bus,Senior/Pensioner,4382870
2018-11,Ferry,Adult,890859
2018-11,Ferry,CTP,20715
2018-11,Ferry,Child/Youth,74587
2018-11,Ferry,Concession,23239
2018-11,Ferry,Day Pass without SAF,4
2018-11,Ferry,Employee,4554
2018-11,Ferry,Free Travel,2079
2018-11,Ferry,School Student,4822
2018-11,Ferry,Senior/Pensioner,185824
2018-11,Ferry,Sgl Trip Ferry Adult,51364
2018-11,Ferry,Sgl Trip Ferry Child/Youth,6894
2018-11,Light rail,Adult,625784
2018-11,Light rail,CTP,12894
2018-11,Light rail,Child/Youth,37283
2018-11,Light rail,Concession,29136
2018-11,Light rail,Day Pass without SAF,2
2018-11,Light rail,Employee,1300
2018-11,Light rail,Free Travel,888
2018-11,Light rail,School Student,7228
2018-11,Light rail,Senior/Pensioner,136671
2018-11,Light rail,Sgl Trip LR Adult,2752
2018-11,Light rail,Sgl Trip LR Child/Youth,330
2018-11,Train,Adult,27025348
2018-11,Train,CTP,29061
2018-11,Train,Child/Youth,1033964
2018-11,Train,Concession,1798391
2018-11,Train,Day Pass Child/Youth w/o SAF,11
2018-11,Train,Day Pass without SAF,459
2018-11,Train,Employee,319734
2018-11,Train,Free Travel,35582
2018-11,Train,School Student,1152486
2018-11,Train,Senior/Pensioner,3037349
2018-11,Train,Sgl Trip Rail Adult,321285
2018-11,Train,Sgl Trip Rail Child/Youth,49652
2018-12,Bus,Adult,14104676
2018-12,Bus,Adult Single Bus Trip 1,112904
2018-12,Bus,Adult Single Bus Trip 2,63021
2018-12,Bus,Adult Single Bus Trip 3,21892
2018-12,Bus,Child/Youth,1423439
2018-12,Bus,Child/Youth Single Bus Trip 1,32811
2018-12,Bus,Child/Youth Single Bus Trip 2,25849
2018-12,Bus,Child/Youth Single Bus Trip 3,7956
2018-12,Bus,Concession,1021477
2018-12,Bus,Day Pass Child/Youth w/o SAF,29
2018-12,Bus,Day Pass without SAF,426
2018-12,Bus,Employee,82198
2018-12,Bus,Free Travel,38642
2018-12,Bus,On Demand,6439
2018-12,Bus,Other,65839
2018-12,Bus,School Student,1248913
2018-12,Bus,Senior/Pensioner,4089027
2018-12,Ferry,Adult,1019143
2018-12,Ferry,CTP,45727
2018-12,Ferry,Child/Youth,137948
2018-12,Ferry,Concession,24831
2018-12,Ferry,Day Pass without SAF,4
2018-12,Ferry,Employee,5371
2018-12,Ferry,Free Travel,2110
2018-12,Ferry,School Student,2594
2018-12,Ferry,Senior/Pensioner,187090
2018-12,Ferry,Sgl Trip Ferry Adult,62404
2018-12,Ferry,Sgl Trip Ferry Child/Youth,16424
2018-12,Light rail,Adult,610683
2018-12,Light rail,CTP,19441
2018-12,Light rail,Child/Youth,45017
2018-12,Light rail,Concession,24245
2018-12,Light rail,Day Pass without SAF,1
2018-12,Light rail,Employee,1259
2018-12,Light rail,Free Travel,858
2018-12,Light rail,School Student,2917
2018-12,Light rail,Senior/Pensioner,140990
2018-12,Light rail,Sgl Trip LR Adult,3036
2018-12,Light rail,Sgl Trip LR Child/Youth,711
2018-12,Train,Adult,23050018
2018-12,Train,CTP,400255
2018-12,Train,Child/Youth,1319800
2018-12,Train,Concession,1345643
2018-12,Train,Day Pass Child/Youth w/o SAF,6
2018-12,Train,Day Pass without SAF,366
2018-12,Train,Employee,272003
2018-12,Train,Free Travel,29670
2018-12,Train,School Student,512431
2018-12,Train,Senior/Pensioner,2815946
2018-12,Train,Sgl Trip Rail Adult,306621
2018-12,Train,Sgl Trip Rail Child/Youth,71697
2019-01,Bus,Adult,14752879
2019-01,Bus,Adult Single Bus Trip 1,110735
2019-01,Bus,Adult Single Bus Trip 2,61336
2019-01,Bus,Adult Single Bus Trip 3,20411
2019-01,Bus,Child/Youth,1653909
2019-01,Bus,Child/Youth Single Bus Trip 1,38810
2019-01,Bus,Child/Youth Single Bus Trip 2,31393
2019-01,Bus,Child/Youth Single Bus Trip 3,9539
2019-01,Bus,Concession,1004593
2019-01,Bus,Day Pass Child/Youth w/o SAF,18
2019-01,Bus,Day Pass without SAF,725
2019-01,Bus,Employee,85279
2019-01,Bus,Free Travel,38510
2019-01,Bus,On Demand,7041
2019-01,Bus,Other,48037
2019-01,Bus,School Student,205934
2019-01,Bus,Senior/Pensioner,3970989
2019-01,Ferry,Adult,1027527
2019-01,Ferry,CTP,58537
2019-01,Ferry,Child/Youth,196867
2019-01,Ferry,Concession,26120
2019-01,Ferry,Day Pass without SAF,8
2019-01,Ferry,Employee,5535
2019-01,Ferry,Free Travel,2397
2019-01,Ferry,School Student,496
2019-01,Ferry,Senior/Pensioner,222000
2019-01,Ferry,Sgl Trip Ferry Adult,61360
2019-01,Ferry,Sgl Trip Ferry Child/Youth,19149
2019-01,Light rail,Adult,440804
2019-01,Light rail,CTP,18576
2019-01,Light rail,Child/Youth,42875
2019-01,Light rail,Concession,18357
2019-01,Light rail,Day Pass without SAF,4
2019-01,Light rail,Employee,896
2019-01,Light rail,Free Travel,593
2019-01,Light rail,School Student,560
2019-01,Light rail,Senior/Pensioner,100259
2019-01,Light rail,Sgl Trip LR Adult,1740
2019-01,Light rail,Sgl Trip LR Child/Youth,569
2019-01,Train,Adult,23174619
2019-01,Train,CTP,559514
2019-01,Train,Child/Youth,1511478
2019-01,Train,Concession,1291370
2019-01,Train,Day Pass Child/Youth w/o SAF,15
2019-01,Train,Day Pass without SAF,493
2019-01,Train,Employee,274738
2019-01,Train,Free Travel,29386
2019-01,Train,School Student,88704
2019-01,Train,Senior/Pensioner,2671807
2019-01,Train,Sgl Trip Rail Adult,250355
2019-01,Train,Sgl Trip Rail Child/Youth,73085
2019-02,Bus,Adult,15426206
2019-02,Bus,Adult Single Bus Trip 1,99772
2019-02,Bus,Adult Single Bus Trip 2,54290
2019-02,Bus,Adult Single Bus Trip 3,17375
2019-02,Bus,Child/Youth,1357664
2019-02,Bus,Child/Youth Single Bus Trip 1,21631
2019-02,Bus,Child/Youth Single Bus Trip 2,15276
2019-02,Bus,Child/Youth Single Bus Trip 3,4340
2019-02,Bus,Concession,1415444
2019-02,Bus,Day Pass Child/Youth w/o SAF,46
2019-02,Bus,Day Pass without SAF,659
2019-02,Bus,Employee,87689
2019-02,Bus,Free Travel,40466
2019-02,Bus,On Demand,8098
2019-02,Bus,Other,0
2019-02,Bus,School Student,3034805
2019-02,Bus,Senior/Pensioner,4130053
2019-02,Ferry,Adult,876044
2019-02,Ferry,CTP,47051
2019-02,Ferry,Child/Youth,67142
2019-02,Ferry,Concession,23079
2019-02,Ferry,Day Pass without SAF,11
2019-02,Ferry,Employee,4613
2019-02,Ferry,Free Travel,2254
2019-02,Ferry,School Student,3433
2019-02,Ferry,Senior/Pensioner,191521
2019-02,Ferry,Sgl Trip Ferry Adult,45285
2019-02,Ferry,Sgl Trip Ferry Child/Youth,6282
2019-02,Light rail,Adult,613130
2019-02,Light rail,CTP,25195
2019-02,Light rail,Child/Youth,42123
2019-02,Light rail,Concession,29066
2019-02,Light rail,Day Pass without SAF,6
2019-02,Light rail,Employee,1354
2019-02,Light rail,Free Travel,1147
2019-02,Light rail,School Student,8614
2019-02,Light rail,Senior/Pensioner,164339
2019-02,Light rail,Sgl Trip LR Adult,2796
2019-02,Light rail,Sgl Trip LR Child/Youth,580
2019-02,Train,Adult,24235381
2019-02,Train,CTP,612866
2019-02,Train,Child/Youth,1030042
2019-02,Train,Concession,1692708
2019-02,Train,Day Pass Child/Youth w/o SAF,15
2019-02,Train,Day Pass without SAF,502
2019-02,Train,Employee,299251
2019-02,Train,Free Travel,32805
2019-02,Train,School Student,1203113
2019-02,Train,Senior/Pensioner,2837854
2019-02,Train,Sgl Trip Rail Adult,235026
2019-02,Train,Sgl Trip Rail Child/Youth,39201
2019-03,Bus,Adult,16865038
2019-03,Bus,Adult Single Bus Trip 1,104426
2019-03,Bus,Adult Single Bus Trip 2,56005
2019-03,Bus,Adult Single Bus Trip 3,18478
2019-03,Bus,Child/Youth,1388228
2019-03,Bus,Child/Youth Single Bus Trip 1,24315
2019-03,Bus,Child/Youth Single Bus Trip 2,16792
2019-03,Bus,Child/Youth Single Bus Trip 3,4803
2019-03,Bus,Concession,2273012
2019-03,Bus,Day Pass Child/Youth w/o SAF,90
2019-03,Bus,Day Pass without SAF,989
2019-03,Bus,Employee,94200
2019-03,Bus,Free Travel,43399
2019-03,Bus,On Demand,9767
2019-03,Bus,Other,0
2019-03,Bus,School Student,3406548
2019-03,Bus,Senior/Pensioner,4436133
2019-03,Ferry,Adult,891646
2019-03,Ferry,CTP,52039
2019-03,Ferry,Child/Youth,69720
2019-03,Ferry,Concession,28579
2019-03,Ferry,Day Pass Child/Youth w/o SAF,6
2019-03,Ferry,Day Pass without SAF,13
2019-03,Ferry,Employee,4519
2019-03,Ferry,Free Travel,2303
2019-03,Ferry,School Student,3635
2019-03,Ferry,Senior/Pensioner,195448
2019-03,Ferry,Sgl Trip Ferry Adult,46412
2019-03,Ferry,Sgl Trip Ferry Child/Youth,6437
2019-03,Light rail,Adult,696793
2019-03,Light rail,CTP,32869
2019-03,Light rail,Child/Youth,45828
2019-03,Light rail,Concession,43393
2019-03,Light rail,Day Pass Child/Youth w/o SAF,1
2019-03,Light rail,Day Pass without SAF,15
2019-03,Light rail,Employee,1817
2019-03,Light rail,Free Travel,1409
2019-03,Light rail,School Student,9944
2019-03,Light rail,Senior/Pensioner,173382
2019-03,Light rail,Sgl Trip LR Adult,3569
2019-03,Light rail,Sgl Trip LR Child/Youth,1046
2019-03,Train,Adult,26870901
2019-03,Train,CTP,715994
2019-03,Train,Child/Youth,1091466
2019-03,Train,Concession,2792174
2019-03,Train,Day Pass Child/Youth w/o SAF,54
2019-03,Train,Day Pass without SAF,685
2019-03,Train,Employee,330137
2019-03,Train,Free Travel,34783
2019-03,Train,School Student,1321749
2019-03,Train,Senior/Pensioner,3059039
2019-03,Train,Sgl Trip Rail Adult,268079
2019-03,Train,Sgl Trip Rail Child/Youth,45205
2019-04,Bus,Adult,14959627
2019-04,Bus,Adult Single Bus Trip 1,93026
2019-04,Bus,Adult Single Bus Trip 2,48668
2019-04,Bus,Adult Single Bus Trip 3,17329
2019-04,Bus,Child/Youth,1449736
2019-04,Bus,Child/Youth Single Bus Trip 1,27868
2019-04,Bus,Child/Youth Single Bus Trip 2,21897
2019-04,Bus,Child/Youth Single Bus Trip 3,6122
2019-04,Bus,Concession,1834882
2019-04,Bus,Day Pass Child/Youth w/o SAF,48
2019-04,Bus,Day Pass without SAF,773
2019-04,Bus,Employee,85255
2019-04,Bus,Free Travel,38720
2019-04,Bus,On Demand,9784
2019-04,Bus,School Student,1735455
2019-04,Bus,Senior/Pensioner,4113032
2019-04,Ferry,Adult,917392
2019-04,Ferry,CTP,54154
2019-04,Ferry,Child/Youth,149389
2019-04,Ferry,Concession,25473
2019-04,Ferry,Day Pass without SAF,12
2019-04,Ferry,Employee,4575
2019-04,Ferry,Free Travel,2306
2019-04,Ferry,School Student,1955
2019-04,Ferry,Senior/Pensioner,211530
2019-04,Ferry,Sgl Trip Ferry Adult,49727
2019-04,Ferry,Sgl Trip Ferry Child/Youth,15970
2019-04,Light rail,Adult,610905
2019-04,Light rail,CTP,31478
2019-04,Light rail,Child/Youth,57364
2019-04,Light rail,Concession,33409
2019-04,Light rail,Day Pass without SAF,5
2019-04,Light rail,Employee,1496
2019-04,Light rail,Free Travel,1259
2019-04,Light rail,School Student,5178
2019-04,Light rail,Senior/Pensioner,159245
2019-04,Light rail,Sgl Trip LR Adult,3567
2019-04,Light rail,Sgl Trip LR Child/Youth,1620
2019-04,Train,Adult,24276410
2019-04,Train,CTP,710888
2019-04,Train,Child/Youth,1331399
2019-04,Train,Concession,2257676
2019-04,Train,Day Pass Child/Youth w/o SAF,23
2019-04,Train,Day Pass without SAF,658
2019-04,Train,Employee,304321
2019-04,Train,Free Travel,31756
2019-04,Train,School Student,690414
2019-04,Train,Senior/Pensioner,2898742
2019-04,Train,Sgl Trip Rail Adult,241881
2019-04,Train,Sgl Trip Rail Child/Youth,66510
2019-05,Bus,Adult,16827324
2019-05,Bus,Adult Single Bus Trip 1,93036
2019-05,Bus,Adult Single Bus Trip 2,49965
2019-05,Bus,Adult Single Bus Trip 3,16623
2019-05,Bus,Child/Youth,1256375
2019-05,Bus,Child/Youth Single Bus Trip 1,20657
2019-05,Bus,Child/Youth Single Bus Trip 2,14135
2019-05,Bus,Child/Youth Single Bus Trip 3,3968
2019-05,Bus,Concession,1882427
2019-05,Bus,Day Pass Child/Youth w/o SAF,68
2019-05,Bus,Day Pass without SAF,787
2019-05,Bus,Employee,99204
2019-05,Bus,Free Travel,44534
2019-05,Bus,On Demand,11130
2019-05,Bus,School Student,3592972
2019-05,Bus,Senior/Pensioner,4586037
2019-05,Ferry,Adult,787055
2019-05,Ferry,CTP,51727
2019-05,Ferry,Child/Youth,66200
2019-05,Ferry,Concession,24888
2019-05,Ferry,Day Pass Child/Youth w/o SAF,178
2019-05,Ferry,Day Pass without SAF,22
2019-05,Ferry,Employee,5002
2019-05,Ferry,Free Travel,2331
2019-05,Ferry,School Student,3720
2019-05,Ferry,Senior/Pensioner,201703
2019-05,Ferry,Sgl Trip Ferry Adult,31501
2019-05,Ferry,Sgl Trip Ferry Child/Youth,5522
2019-05,Light rail,Adult,625322
2019-05,Light rail,CTP,34183
2019-05,Light rail,Child/Youth,37874
2019-05,Light rail,Concession,36161
2019-05,Light rail,Day Pass Child/Youth w/o SAF,9
2019-05,Light rail,Day Pass without SAF,13
2019-05,Light rail,Employee,1537
2019-05,Light rail,Free Travel,1393
2019-05,Light rail,School Student,11280
2019-05,Light rail,Senior/Pensioner,161232
2019-05,Light rail,Sgl Trip LR Adult,2534
2019-05,Light rail,Sgl Trip LR Child/Youth,632
2019-05,Metro,Adult,219429
2019-05,Metro,CTP,7887
2019-05,Metro,Child/Youth,6186
2019-05,Metro,Concession,19058
2019-05,Metro,Day Pass without SAF,5
2019-05,Metro,Employee,3142
2019-05,Metro,Free Travel,333
2019-05,Metro,School Student,13436
2019-05,Metro,Senior/Pensioner,24600
2019-05,Metro,Sgl Trip Rail Adult,1696
2019-05,Metro,Sgl Trip Rail Child/Youth,332
2019-05,Train,Adult,27859455
2019-05,Train,CTP,893575
2019-05,Train,Child/Youth,972256
2019-05,Train,Concession,2479155
2019-05,Train,Day Pass Child/Youth w/o SAF,38
2019-05,Train,Day Pass without SAF,626
2019-05,Train,Employee,366432
2019-05,Train,Free Travel,38389
2019-05,Train,School Student,1461690
2019-05,Train,Senior/Pensioner,3208060
2019-05,Train,Sgl Trip Rail Adult,236129
2019-05,Train,Sgl Trip Rail Child/Youth,46316
2019-06,Bus,Adult,14504498
2019-06,Bus,Adult Single Bus Trip 1,80555
2019-06,Bus,Adult Single Bus Trip 2,42267
2019-06,Bus,Adult Single Bus Trip 3,13191
2019-06,Bus,Child/Youth,1175335
2019-06,Bus,Child/Youth Single Bus Trip 1,19193
2019-06,Bus,Child/Youth Single Bus Trip 2,13566
2019-06,Bus,Child/Youth Single Bus Trip 3,3543
2019-06,Bus,Concession,1555717
2019-06,Bus,Day Pass Child/Youth w/o SAF,50
2019-06,Bus,Day Pass without SAF,832
2019-06,Bus,Employee,86459
2019-06,Bus,Free Travel,37745
2019-06,Bus,On Demand,9946
2019-06,Bus,School Student,2754915
2019-06,Bus,Senior/Pensioner,3942952
2019-06,Ferry,Adult,756440
2019-06,Ferry,CTP,55609
2019-06,Ferry,Child/Youth,101453
2019-06,Ferry,Concession,23397
2019-06,Ferry,Day Pass Child/Youth w/o SAF,80
2019-06,Ferry,Day Pass without SAF,8
2019-06,Ferry,Employee,4698
2019-06,Ferry,Free Travel,2020
2019-06,Ferry,School Student,2963
2019-06,Ferry,Senior/Pensioner,178127
2019-06,Ferry,Sgl Trip Ferry Adult,32282
2019-06,Ferry,Sgl Trip Ferry Child/Youth,9985
2019-06,Light rail,Adult,640884
2019-06,Light rail,CTP,35044
2019-06,Light rail,Child/Youth,48131
2019-06,Light rail,Concession,35869
2019-06,Light rail,Day Pass without SAF,11
2019-06,Light rail,Employee,1647
2019-06,Light rail,Free Travel,1098
2019-06,Light rail,School Student,8583
2019-06,Light rail,Senior/Pensioner,161787
2019-06,Light rail,Sgl Trip LR Adult,2841
2019-06,Light rail,Sgl Trip LR Child/Youth,785
2019-06,Metro,Adult,1144461
2019-06,Metro,CTP,34882
2019-06,Metro,Child/Youth,112236
2019-06,Metro,Concession,145218
2019-06,Metro,Day Pass without SAF,6
2019-06,Metro,Employee,10974
2019-06,Metro,Free Travel,2296
2019-06,Metro,School Student,92249
2019-06,Metro,Senior/Pensioner,143843
2019-06,Metro,Sgl Trip Rail Adult,12588
2019-06,Metro,Sgl Trip Rail Child/Youth,7851
2019-06,Train,Adult,23861758
2019-06,Train,CTP,867911
2019-06,Train,Child/Youth,1044267
2019-06,Train,Concession,1808606
2019-06,Train,Day Pass Child/Youth w/o SAF,17
2019-06,Train,Day Pass without SAF,671
2019-06,Train,Employee,326446
2019-06,Train,Free Travel,32272
2019-06,Train,School Student,1090865
2019-06,Train,Senior/Pensioner,2807164
2019-06,Train,Sgl Trip Rail Adult,218974
2019-06,Train,Sgl Trip Rail Child/Youth,53349
2019-07,Bus,Adult,15823165
2019-07,Bus,Adult Single Bus Trip 1,87764
2019-07,Bus,Adult Single Bus Trip 2,46970
2019-07,Bus,Adult Single Bus Trip 3,11597
2019-07,Bus,Child/Youth,1578565
2019-07,Bus,Child/Youth Single Bus Trip 1,29117
2019-07,Bus,Child/Youth Single Bus Trip 2,21315
2019-07,Bus,Child/Youth Single Bus Trip 3,5469
2019-07,Bus,Concession,1578007
2019-07,Bus,Day Pass Child/Youth w/o SAF,61
2019-07,Bus,Day Pass without SAF,900
2019-07,Bus,Employee,95618
2019-07,Bus,Free Travel,42759
2019-07,Bus,On Demand,22584
2019-07,Bus,School Student,1644170
2019-07,Bus,Senior/Pensioner,4334952
2019-07,Ferry,Adult,790593
2019-07,Ferry,CTP,50349
2019-07,Ferry,Child/Youth,148948
2019-07,Ferry,Concession,22642
2019-07,Ferry,Day Pass Child/Youth w/o SAF,83
2019-07,Ferry,Day Pass without SAF,10
2019-07,Ferry,Employee,4647
2019-07,Ferry,Free Travel,1954
2019-07,Ferry,School Student,1752
2019-07,Ferry,Senior/Pensioner,185699
2019-07,Ferry,Sgl Trip Ferry Adult,35865
2019-07,Ferry,Sgl Trip Ferry Child/Youth,15817
2019-07,Light rail,Adult,669127
2019-07,Light rail,CTP,37082
2019-07,Light rail,Child/Youth,65526
2019-07,Light rail,Concession,33597
2019-07,Light rail,Day Pass without SAF,20
2019-07,Light rail,Employee,1502
2019-07,Light rail,Free Travel,1291
2019-07,Light rail,School Student,4780
2019-07,Light rail,Senior/Pensioner,169509
2019-07,Light rail,Sgl Trip LR Adult,2885
2019-07,Light rail,Sgl Trip LR Child/Youth,1653
2019-07,Metro,Adult,1390001
2019-07,Metro,CTP,36923
2019-07,Metro,Child/Youth,164783
2019-07,Metro,Concession,134159
2019-07,Metro,Day Pass Child/Youth w/o SAF,1
2019-07,Metro,Day Pass without SAF,22
2019-07,Metro,Employee,10328
2019-07,Metro,Free Travel,2159
2019-07,Metro,School Student,45109
2019-07,Metro,Senior/Pensioner,155990
2019-07,Metro,Sgl Trip Rail Adult,10958
2019-07,Metro,Sgl Trip Rail Child/Youth,8387
2019-07,Train,Adult,25768860
2019-07,Train,CTP,890275
2019-07,Train,Child/Youth,1380506
2019-07,Train,Concession,1800701
2019-07,Train,Day Pass Child/Youth w/o SAF,27
2019-07,Train,Day Pass without SAF,797
2019-07,Train,Employee,351847
2019-07,Train,Free Travel,35294
2019-07,Train,School Student,646026
2019-07,Train,Senior/Pensioner,2993919
2019-07,Train,Sgl Trip Rail Adult,212479
2019-07,Train,Sgl Trip Rail Child/Youth,67391
2019-08,Bus,Adult,15900861
2019-08,Bus,Adult Single Bus Trip 1,79217
2019-08,Bus,Adult Single Bus Trip 2,40983
2019-08,Bus,Adult Single Bus Trip 3,10600
2019-08,Bus,CTP,45975
2019-08,Bus,Child/Youth,1260371
2019-08,Bus,Child/Youth Single Bus Trip 1,19594
2019-08,Bus,Child/Youth Single Bus Trip 2,12843
2019-08,Bus,Child/Youth Single Bus Trip 3,3384
2019-08,Bus,Concession,1914213
2019-08,Bus,Day Pass Child/Youth w/o SAF,113
2019-08,Bus,Day Pass without SAF,905
2019-08,Bus,Employee,94889
2019-08,Bus,Free Travel,42665
2019-08,Bus,On Demand,23135
2019-08,Bus,School Student,3182243
2019-08,Bus,Senior/Pensioner,4320530
2019-08,Ferry,Adult,724780
2019-08,Ferry,CTP,58355
2019-08,Ferry,Child/Youth,80831
2019-08,Ferry,Concession,22873
2019-08,Ferry,Day Pass Child/Youth w/o SAF,349
2019-08,Ferry,Day Pass without SAF,28
2019-08,Ferry,Employee,3847
2019-08,Ferry,Free Travel,1954
2019-08,Ferry,School Student,3467
2019-08,Ferry,Senior/Pensioner,168724
2019-08,Ferry,Sgl Trip Ferry Adult,31988
2019-08,Ferry,Sgl Trip Ferry Child/Youth,8804
2019-08,Light rail,Adult,673022
2019-08,Light rail,CTP,43751
2019-08,Light rail,Child/Youth,45254
2019-08,Light rail,Concession,41982
2019-08,Light rail,Day Pass without SAF,15
2019-08,Light rail,Employee,1651
2019-08,Light rail,Free Travel,1325
2019-08,Light rail,School Student,10457
2019-08,Light rail,Senior/Pensioner,168039
2019-08,Light rail,Sgl Trip LR Adult,2823
2019-08,Light rail,Sgl Trip LR Child/Youth,727
2019-08,Metro,Adult,1437608.152822
2019-08,Metro,CTP,56587.369194
2019-08,Metro,Child/Youth,85909.397498
2019-08,Metro,Concession,251912.472671
2019-08,Metro,Day Pass Child/Youth w/o SAF,2
2019-08,Metro,Day Pass without SAF,11.28536
2019-08,Metro,Employee,9626.619657
2019-08,Metro,Free Travel,1974.199695
2019-08,Metro,School Student,93320.330596
2019-08,Metro,Senior/Pensioner,135069.624612
2019-08,Metro,Sgl Trip Rail Adult,8621.263354
2019-08,Metro,Sgl Trip Rail Child/Youth,3949.219067
2019-08,Train,Adult,25583771
2019-08,Train,CTP,1113001
2019-08,Train,Child/Youth,948560
2019-08,Train,Concession,2374111
2019-08,Train,Day Pass Child/Youth w/o SAF,33
2019-08,Train,Day Pass without SAF,939
2019-08,Train,Employee,349886
2019-08,Train,Free Travel,35716
2019-08,Train,School Student,1273508
2019-08,Train,Senior/Pensioner,2993017
2019-08,Train,Sgl Trip Rail Adult,210421
2019-08,Train,Sgl Trip Rail Child/Youth,44548
2019-09,Bus,Adult,15217496
2019-09,Bus,Adult Single Bus Trip 1,69894
2019-09,Bus,Adult Single Bus Trip 2,35769
2019-09,Bus,Adult Single Bus Trip 3,8661
2019-09,Bus,CTP,286305
2019-09,Bus,Child/Youth,1230301
2019-09,Bus,Child/Youth Single Bus Trip 1,18939
2019-09,Bus,Child/Youth Single Bus Trip 2,12737
2019-09,Bus,Child/Youth Single Bus Trip 3,3586
2019-09,Bus,Concession,1651851
2019-09,Bus,Day Pass Child/Youth w/o SAF,64
2019-09,Bus,Day Pass without SAF,965
2019-09,Bus,Employee,91530
2019-09,Bus,Free Travel,39795
2019-09,Bus,On Demand,23624
2019-09,Bus,School Student,2788612
2019-09,Bus,Senior/Pensioner,4146158
2019-09,Ferry,Adult,748378
2019-09,Ferry,CTP,81461
2019-09,Ferry,Child/Youth,83066
2019-09,Ferry,Concession,23149
2019-09,Ferry,Day Pass Child/Youth w/o SAF,273
2019-09,Ferry,Day Pass without SAF,35
2019-09,Ferry,Employee,4019
2019-09,Ferry,Free Travel,2031
2019-09,Ferry,School Student,2959
2019-09,Ferry,Senior/Pensioner,173519
2019-09,Ferry,Sgl Trip Ferry Adult,29810
2019-09,Ferry,Sgl Trip Ferry Child/Youth,7458
2019-09,Light rail,Adult,575721
2019-09,Light rail,CTP,47200
2019-09,Light rail,Child/Youth,36991
2019-09,Light rail,Concession,34294
2019-09,Light rail,Day Pass Child/Youth w/o SAF,67
2019-09,Light rail,Day Pass without SAF,32
2019-09,Light rail,Employee,1354
2019-09,Light rail,Free Travel,1094
2019-09,Light rail,School Student,9169
2019-09,Light rail,Senior/Pensioner,148612
2019-09,Light rail,Sgl Trip LR Adult,2291
2019-09,Light rail,Sgl Trip LR Child/Youth,543
2019-09,Metro,Adult,1395364
2019-09,Metro,CTP,78623
2019-09,Metro,Child/Youth,87350
2019-09,Metro,Concession,188829
2019-09,Metro,Day Pass without SAF,8
2019-09,Metro,Employee,9631
2019-09,Metro,Free Travel,1872
2019-09,Metro,School Student,88990
2019-09,Metro,Senior/Pensioner,127687
2019-09,Metro,Sgl Trip Rail Adult,7742
2019-09,Metro,Sgl Trip Rail Child/Youth,3881
2019-09,Train,Adult,24439462
2019-09,Train,CTP,1419949
2019-09,Train,Child/Youth,958683
2019-09,Train,Concession,2030930
2019-09,Train,Day Pass Child/Youth w/o SAF,180
2019-09,Train,Day Pass without SAF,835
2019-09,Train,Employee,335156
2019-09,Train,Free Travel,34036
2019-09,Train,School Student,1156754
2019-09,Train,Senior/Pensioner,2906578
2019-09,Train,Sgl Trip Rail Adult,193064
2019-09,Train,Sgl Trip Rail Child/Youth,42711
2019-10,Bus,Adult,15278827
2019-10,Bus,Adult Single Bus Trip 1,68763
2019-10,Bus,Adult Single Bus Trip 2,35689
2019-10,Bus,Adult Single Bus Trip 3,8464
2019-10,Bus,CTP,1367495
2019-10,Bus,Child/Youth,1503845
2019-10,Bus,Child/Youth Single Bus Trip 1,23363
2019-10,Bus,Child/Youth Single Bus Trip 2,16736
2019-10,Bus,Child/Youth Single Bus Trip 3,4514
2019-10,Bus,Concession,1789622
2019-10,Bus,Day Pass Child/Youth w/o SAF,94
2019-10,Bus,Day Pass without SAF,1091
2019-10,Bus,Employee,96225
2019-10,Bus,Free Travel,42777
2019-10,Bus,On Demand,25895
2019-10,Bus,School Student,1933260
2019-10,Bus,Senior/Pensioner,4467434
2019-10,Ferry,Adult,782712
2019-10,Ferry,CTP,144705
2019-10,Ferry,Child/Youth,121078
2019-10,Ferry,Concession,23124
2019-10,Ferry,Day Pass Child/Youth w/o SAF,528
2019-10,Ferry,Day Pass without SAF,76
2019-10,Ferry,Employee,5071
2019-10,Ferry,Free Travel,2311
2019-10,Ferry,School Student,2381
2019-10,Ferry,Senior/Pensioner,211866
2019-10,Ferry,Sgl Trip Ferry Adult,36475
2019-10,Ferry,Sgl Trip Ferry Child/Youth,10120
2019-10,Light rail,Adult,631702
2019-10,Light rail,CTP,82384
2019-10,Light rail,Child/Youth,56750
2019-10,Light rail,Concession,36384
2019-10,Light rail,Day Pass Child/Youth w/o SAF,13
2019-10,Light rail,Day Pass without SAF,20
2019-10,Light rail,Employee,1756
2019-10,Light rail,Free Travel,1323
2019-10,Light rail,School Student,6472
2019-10,Light rail,Senior/Pensioner,178727
2019-10,Light rail,Sgl Trip LR Adult,2286
2019-10,Light rail,Sgl Trip LR Child/Youth,848
2019-10,Metro,Adult,1461547.869332
2019-10,Metro,CTP,148911.53751
2019-10,Metro,Child/Youth,139949.152945
2019-10,Metro,Concession,234295.329512
2019-10,Metro,Day Pass without SAF,11.993033
2019-10,Metro,Employee,9796.150491
2019-10,Metro,Free Travel,1993.975411
2019-10,Metro,School Student,58308.790112
2019-10,Metro,Senior/Pensioner,139063.828109
2019-10,Metro,Sgl Trip Rail Adult,7918.73612
2019-10,Metro,Sgl Trip Rail Child/Youth,5121.971302
2019-10,Train,Adult,24651070
2019-10,Train,CTP,2485677
2019-10,Train,Child/Youth,1238755
2019-10,Train,Concession,2075291
2019-10,Train,Day Pass Child/Youth w/o SAF,258
2019-10,Train,Day Pass without SAF,895
2019-10,Train,Employee,353157
2019-10,Train,Free Travel,36726
2019-10,Train,School Student,771963
2019-10,Train,Senior/Pensioner,3130129
2019-10,Train,Sgl Trip Rail Adult,201464
2019-10,Train,Sgl Trip Rail Child/Youth,53099
2019-11,Bus,Adult,14719303
2019-11,Bus,Adult Single Bus Trip 1,52753
2019-11,Bus,Adult Single Bus Trip 2,27310
2019-11,Bus,Adult Single Bus Trip 3,7189
2019-11,Bus,CTP,2036680
2019-11,Bus,Child/Youth,1273847
2019-11,Bus,Child/Youth Single Bus Trip 1,14456
2019-11,Bus,Child/Youth Single Bus Trip 2,8991
2019-11,Bus,Child/Youth Single Bus Trip 3,2881
2019-11,Bus,Concession,1511797
2019-11,Bus,Day Pass Child/Youth w/o SAF,81
2019-11,Bus,Day Pass without SAF,998
2019-11,Bus,Employee,95973
2019-11,Bus,Free Travel,42709
2019-11,Bus,On Demand,26304
2019-11,Bus,School Student,2787603
2019-11,Bus,Senior/Pensioner,4444174
2019-11,Ferry,Adult,754173
2019-11,Ferry,CTP,169582
2019-11,Ferry,Child/Youth,73879
2019-11,Ferry,Concession,20952
2019-11,Ferry,Day Pass Child/Youth w/o SAF,431
2019-11,Ferry,Day Pass without SAF,111
2019-11,Ferry,Employee,5303
2019-11,Ferry,Free Travel,2126
2019-11,Ferry,School Student,3425
2019-11,Ferry,Senior/Pensioner,194361
2019-11,Ferry,Sgl Trip Ferry Adult,36807
2019-11,Ferry,Sgl Trip Ferry Child/Youth,5826
2019-11,Light rail,Adult,613974
2019-11,Light rail,CTP,98306
2019-11,Light rail,Child/Youth,46507
2019-11,Light rail,Concession,32785
2019-11,Light rail,Day Pass without SAF,18
2019-11,Light rail,Employee,1751
2019-11,Light rail,Free Travel,1328
2019-11,Light rail,School Student,9377
2019-11,Light rail,Senior/Pensioner,170285
2019-11,Light rail,Sgl Trip LR Adult,1971
2019-11,Light rail,Sgl Trip LR Child/Youth,508
2019-11,Metro,Adult,1368787
2019-11,Metro,CTP,174479
2019-11,Metro,Child/Youth,92154
2019-11,Metro,Concession,168049
2019-11,Metro,Day Pass Child/Youth w/o SAF,5
2019-11,Metro,Day Pass without SAF,17
2019-11,Metro,Employee,9411
2019-11,Metro,Free Travel,1906
2019-11,Metro,School Student,92178
2019-11,Metro,Senior/Pensioner,130042
2019-11,Metro,Sgl Trip Rail Adult,7271
2019-11,Metro,Sgl Trip Rail Child/Youth,3238
2019-11,Train,Adult,23606323
2019-11,Train,CTP,3041703
2019-11,Train,Child/Youth,975672
2019-11,Train,Concession,1706591
2019-11,Train,Day Pass Child/Youth w/o SAF,429
2019-11,Train,Day Pass without SAF,1006
2019-11,Train,Employee,350623
2019-11,Train,Free Travel,35204
2019-11,Train,School Student,1140317
2019-11,Train,Senior/Pensioner,3041509
2019-11,Train,Sgl Trip Rail Adult,199332
2019-11,Train,Sgl Trip Rail Child/Youth,38441
2019-12,Bus,Adult,12722252
2019-12,Bus,Adult Single Bus Trip 1,51990
2019-12,Bus,Adult Single Bus Trip 2,27391
2019-12,Bus,Adult Single Bus Trip 3,7586
2019-12,Bus,CTP,2232214
2019-12,Bus,Child/Youth,1447321
2019-12,Bus,Child/Youth Single Bus Trip 1,17165
2019-12,Bus,Child/Youth Single Bus Trip 2,13106
2019-12,Bus,Child/Youth Single Bus Trip 3,4314
2019-12,Bus,Concession,1033031
2019-12,Bus,Day Pass Child/Youth w/o SAF,84
2019-12,Bus,Day Pass without SAF,850
2019-12,Bus,Employee,89096
2019-12,Bus,Free Travel,39503
2019-12,Bus,On Demand,23818
2019-12,Bus,School Student,1307381
2019-12,Bus,Senior/Pensioner,4182665
2019-12,Ferry,Adult,830422
2019-12,Ferry,CTP,216150
2019-12,Ferry,Child/Youth,132933
2019-12,Ferry,Concession,23086
2019-12,Ferry,Day Pass Child/Youth w/o SAF,25
2019-12,Ferry,Day Pass without SAF,79
2019-12,Ferry,Employee,5047
2019-12,Ferry,Free Travel,2168
2019-12,Ferry,School Student,2510
2019-12,Ferry,Senior/Pensioner,182312
2019-12,Ferry,Sgl Trip Ferry Adult,47920
2019-12,Ferry,Sgl Trip Ferry Child/Youth,15074
2019-12,Light rail,Adult,1023861
2019-12,Light rail,CTP,203419
2019-12,Light rail,Child/Youth,118039
2019-12,Light rail,Concession,46274
2019-12,Light rail,Day Pass without SAF,16
2019-12,Light rail,Employee,3226
2019-12,Light rail,Free Travel,2233
2019-12,Light rail,School Student,7486
2019-12,Light rail,Senior/Pensioner,268570
2019-12,Light rail,Sgl Trip LR Adult,7585
2019-12,Light rail,Sgl Trip LR Child/Youth,2907
2019-12,Metro,Adult,1240804
2019-12,Metro,CTP,191824
2019-12,Metro,Child/Youth,151506
2019-12,Metro,Concession,117858
2019-12,Metro,Day Pass without SAF,7
2019-12,Metro,Employee,9472
2019-12,Metro,Free Travel,1910
2019-12,Metro,School Student,51793
2019-12,Metro,Senior/Pensioner,140387
2019-12,Metro,Sgl Trip Rail Adult,10143
2019-12,Metro,Sgl Trip Rail Child/Youth,7114
2019-12,Train,Adult,20632690
2019-12,Train,CTP,3082829
2019-12,Train,Child/Youth,1248962
2019-12,Train,Concession,1293890
2019-12,Train,Day Pass Child/Youth w/o SAF,103
2019-12,Train,Day Pass without SAF,841
2019-12,Train,Employee,313184
2019-12,Train,Free Travel,30754
2019-12,Train,School Student,539145
2019-12,Train,Senior/Pensioner,2856582
2019-12,Train,Sgl Trip Rail Adult,212735
2019-12,Train,Sgl Trip Rail Child/Youth,63435
2020-01,Bus,Adult,12404965
2020-01,Bus,Adult Single Bus Trip 1,49458
2020-01,Bus,Adult Single Bus Trip 2,25989
2020-01,Bus,Adult Single Bus Trip 3,7329
2020-01,Bus,CTP,2628423
2020-01,Bus,Child/Youth,1611069
2020-01,Bus,Child/Youth Single Bus Trip 1,18956
2020-01,Bus,Child/Youth Single Bus Trip 2,14724
2020-01,Bus,Child/Youth Single Bus Trip 3,5103
2020-01,Bus,Concession,910944
2020-01,Bus,Day Pass Child/Youth w/o SAF,67
2020-01,Bus,Day Pass without SAF,908
2020-01,Bus,Employee,86718
2020-01,Bus,Free Travel,38216
2020-01,Bus,On Demand,25607
2020-01,Bus,School Student,336070
2020-01,Bus,Senior/Pensioner,3965486
2020-01,Ferry,Adult,803124
2020-01,Ferry,CTP,232669
2020-01,Ferry,Child/Youth,180915
2020-01,Ferry,Concession,22170
2020-01,Ferry,Day Pass Child/Youth w/o SAF,4
2020-01,Ferry,Day Pass without SAF,29
2020-01,Ferry,Employee,5270
2020-01,Ferry,Free Travel,2192
2020-01,Ferry,School Student,914
2020-01,Ferry,Senior/Pensioner,208272
2020-01,Ferry,Sgl Trip Ferry Adult,48444
2020-01,Ferry,Sgl Trip Ferry Child/Youth,18322
2020-01,Light rail,Adult,1287340
2020-01,Light rail,CTP,288022
2020-01,Light rail,Child/Youth,185322
2020-01,Light rail,Concession,59744
2020-01,Light rail,Day Pass Child/Youth w/o SAF,2
2020-01,Light rail,Day Pass without SAF,24
2020-01,Light rail,Employee,3301
2020-01,Light rail,Free Travel,2769
2020-01,Light rail,School Student,5056
2020-01,Light rail,Senior/Pensioner,334259
2020-01,Light rail,Sgl Trip LR Adult,10700
2020-01,Light rail,Sgl Trip LR Child/Youth,4367
2020-01,Metro,Adult,1222213
2020-01,Metro,CTP,198421
2020-01,Metro,Child/Youth,173317
2020-01,Metro,Concession,108098
2020-01,Metro,Day Pass Child/Youth w/o SAF,2
2020-01,Metro,Day Pass without SAF,13
2020-01,Metro,Employee,8277
2020-01,Metro,Free Travel,1600
2020-01,Metro,School Student,9594
2020-01,Metro,Senior/Pensioner,130685
2020-01,Metro,Sgl Trip Rail Adult,7000
2020-01,Metro,Sgl Trip Rail Child/Youth,6226
2020-01,Train,Adult,20047422
2020-01,Train,CTP,3416625
2020-01,Train,Child/Youth,1383839
2020-01,Train,Concession,1177198
2020-01,Train,Day Pass Child/Youth w/o SAF,66
2020-01,Train,Day Pass without SAF,886
2020-01,Train,Employee,303539
2020-01,Train,Free Travel,29692
2020-01,Train,School Student,135534
2020-01,Train,Senior/Pensioner,2660591
2020-01,Train,Sgl Trip Rail Adult,176497
2020-01,Train,Sgl Trip Rail Child/Youth,67572
2020-02,Bus,Adult,12587420
2020-02,Bus,Adult Single Bus Trip 1,46306
2020-02,Bus,Adult Single Bus Trip 2,23497
2020-02,Bus,Adult Single Bus Trip 3,6781
2020-02,Bus,CTP,2889541
2020-02,Bus,Child/Youth,1267671
2020-02,Bus,Child/Youth Single Bus Trip 1,11037
2020-02,Bus,Child/Youth Single Bus Trip 2,7638
2020-02,Bus,Child/Youth Single Bus Trip 3,2825
2020-02,Bus,Concession,1322299
2020-02,Bus,Day Pass Child/Youth w/o SAF,48
2020-02,Bus,Day Pass without SAF,1070
2020-02,Bus,Employee,88938
2020-02,Bus,Free Travel,39465
2020-02,Bus,On Demand,25615
2020-02,Bus,School Student,2961680
2020-02,Bus,Senior/Pensioner,3924662
2020-02,Ferry,Adult,594851
2020-02,Ferry,CTP,192978
2020-02,Ferry,Child/Youth,47403
2020-02,Ferry,Concession,19386
2020-02,Ferry,Day Pass without SAF,21
2020-02,Ferry,Employee,4206
2020-02,Ferry,Free Travel,1854
2020-02,Ferry,School Student,6360
2020-02,Ferry,Senior/Pensioner,160799
2020-02,Ferry,Sgl Trip Ferry Adult,31263
2020-02,Ferry,Sgl Trip Ferry Child/Youth,4187
2020-02,Light rail,Adult,1153361
2020-02,Light rail,CTP,288259
2020-02,Light rail,Child/Youth,74902
2020-02,Light rail,Concession,90573
2020-02,Light rail,Day Pass without SAF,61
2020-02,Light rail,Employee,2953
2020-02,Light rail,Free Travel,2461
2020-02,Light rail,School Student,50375
2020-02,Light rail,Senior/Pensioner,279333
2020-02,Light rail,Sgl Trip LR Adult,7394
2020-02,Light rail,Sgl Trip LR Child/Youth,1087
2020-02,Metro,Adult,1210442
2020-02,Metro,CTP,213212
2020-02,Metro,Child/Youth,104015
2020-02,Metro,Concession,148953
2020-02,Metro,Day Pass without SAF,25
2020-02,Metro,Employee,9771
2020-02,Metro,Free Travel,1583
2020-02,Metro,School Student,95832
2020-02,Metro,Senior/Pensioner,107389
2020-02,Metro,Sgl Trip Rail Adult,5660
2020-02,Metro,Sgl Trip Rail Child/Youth,3213
2020-02,Train,Adult,19921172
2020-02,Train,CTP,3621285
2020-02,Train,Child/Youth,851652
2020-02,Train,Concession,1536386
2020-02,Train,Day Pass Child/Youth w/o SAF,38
2020-02,Train,Day Pass without SAF,1062
2020-02,Train,Employee,314197
2020-02,Train,Free Travel,31272
2020-02,Train,School Student,1164671
2020-02,Train,Senior/Pensioner,2533490
2020-02,Train,Sgl Trip Rail Adult,159957
2020-02,Train,Sgl Trip Rail Child/Youth,33628
2020-03,Bus,Adult,9373131
2020-03,Bus,Adult Single Bus Trip 1,27590
2020-03,Bus,Adult Single Bus Trip 2,13872
2020-03,Bus,Adult Single Bus Trip 3,4215
2020-03,Bus,CTP,2271222
2020-03,Bus,Child/Youth,831831
2020-03,Bus,Child/Youth Single Bus Trip 1,6788
2020-03,Bus,Child/Youth Single Bus Trip 2,4348
2020-03,Bus,Child/Youth Single Bus Trip 3,1689
2020-03,Bus,Concession,1281861
2020-03,Bus,Day Pass Child/Youth w/o SAF,61
2020-03,Bus,Day Pass without SAF,953
2020-03,Bus,Employee,74277
2020-03,Bus,Free Travel,30754
2020-03,Bus,On Demand,19475
2020-03,Bus,School Student,2180536
2020-03,Bus,Senior/Pensioner,3068966
2020-03,Ferry,Adult,379294
2020-03,Ferry,CTP,132810
2020-03,Ferry,Child/Youth,26660
2020-03,Ferry,Concession,14976
2020-03,Ferry,Day Pass without SAF,17
2020-03,Ferry,Employee,2832
2020-03,Ferry,Free Travel,1216
2020-03,Ferry,School Student,5374
2020-03,Ferry,Senior/Pensioner,95471
2020-03,Ferry,Sgl Trip Ferry Adult,16082
2020-03,Ferry,Sgl Trip Ferry Child/Youth,2533
2020-03,Light rail,Adult,750599
2020-03,Light rail,CTP,194518
2020-03,Light rail,Child/Youth,36004
2020-03,Light rail,Concession,74522
2020-03,Light rail,Day Pass Child/Youth w/o SAF,1
2020-03,Light rail,Day Pass without SAF,20
2020-03,Light rail,Employee,2236
2020-03,Light rail,Free Travel,1552
2020-03,Light rail,School Student,35191
2020-03,Light rail,Senior/Pensioner,164755
2020-03,Light rail,Sgl Trip LR Adult,4738
2020-03,Light rail,Sgl Trip LR Child/Youth,547
2020-03,Metro,Adult,870038
2020-03,Metro,CTP,161357
2020-03,Metro,Child/Youth,58273
2020-03,Metro,Concession,169730
2020-03,Metro,Day Pass without SAF,17
2020-03,Metro,Employee,8133
2020-03,Metro,Free Travel,1152
2020-03,Metro,School Student,67738
2020-03,Metro,Senior/Pensioner,66483
2020-03,Metro,Sgl Trip Rail Adult,3309
2020-03,Metro,Sgl Trip Rail Child/Youth,2270
2020-03,Train,Adult,14771583
2020-03,Train,CTP,2677062
2020-03,Train,Child/Youth,509401
2020-03,Train,Concession,1470619
2020-03,Train,Day Pass Child/Youth w/o SAF,70
2020-03,Train,Day Pass without SAF,915
2020-03,Train,Employee,277750
2020-03,Train,Free Travel,22363
2020-03,Train,School Student,854274
2020-03,Train,Senior/Pensioner,1801124
2020-03,Train,Sgl Trip Rail Adult,97199
2020-03,Train,Sgl Trip Rail Child/Youth,23918
2020-04,Bus,Adult,3003345
2020-04,Bus,Adult Single Bus Trip 1,153
2020-04,Bus,Adult Single Bus Trip 2,71
2020-04,Bus,Adult Single Bus Trip 3,23
2020-04,Bus,CTP,734339
2020-04,Bus,Child/Youth,156022
2020-04,Bus,Child/Youth Single Bus Trip 1,19
2020-04,Bus,Child/Youth Single Bus Trip 2,15
2020-04,Bus,Child/Youth Single Bus Trip 3,7
2020-04,Bus,Concession,180150
2020-04,Bus,Day Pass Child/Youth w/o SAF,6
2020-04,Bus,Day Pass without SAF,444
2020-04,Bus,Employee,34370
2020-04,Bus,Free Travel,11618
2020-04,Bus,On Demand,7039
2020-04,Bus,School Student,28417
2020-04,Bus,Senior/Pensioner,1348784
2020-04,Ferry,Adult,46951
2020-04,Ferry,CTP,19718
2020-04,Ferry,Child/Youth,2268
2020-04,Ferry,Concession,1639
2020-04,Ferry,Day Pass without SAF,2
2020-04,Ferry,Employee,1112
2020-04,Ferry,Free Travel,348
2020-04,Ferry,School Student,89
2020-04,Ferry,Senior/Pensioner,18287
2020-04,Ferry,Sgl Trip Ferry Adult,522
2020-04,Ferry,Sgl Trip Ferry Child/Youth,294
2020-04,Light rail,Adult,146481
2020-04,Light rail,CTP,37047
2020-04,Light rail,Child/Youth,3438
2020-04,Light rail,Concession,6589
2020-04,Light rail,Day Pass without SAF,11
2020-04,Light rail,Employee,825
2020-04,Light rail,Free Travel,258
2020-04,Light rail,School Student,237
2020-04,Light rail,Senior/Pensioner,36977
2020-04,Light rail,Sgl Trip LR Adult,122
2020-04,Light rail,Sgl Trip LR Child/Youth,47
2020-04,Metro,Adult,187366
2020-04,Metro,CTP,36251
2020-04,Metro,Child/Youth,5426
2020-04,Metro,Concession,12484
2020-04,Metro,Day Pass without SAF,5
2020-04,Metro,Employee,3234
2020-04,Metro,Free Travel,194
2020-04,Metro,School Student,787
2020-04,Metro,Senior/Pensioner,15988
2020-04,Metro,Sgl Trip Rail Adult,554
2020-04,Metro,Sgl Trip Rail Child/Youth,563
2020-04,Train,Adult,4344129
2020-04,Train,CTP,703420
2020-04,Train,Child/Youth,69680
2020-04,Train,Concession,169942
2020-04,Train,Day Pass Child/Youth w/o SAF,4
2020-04,Train,Day Pass without SAF,489
2020-04,Train,Employee,155620
2020-04,Train,Free Travel,6323
2020-04,Train,School Student,7775
2020-04,Train,Senior/Pensioner,617589
2020-04,Train,Sgl Trip Rail Adult,13577
2020-04,Train,Sgl Trip Rail Child/Youth,7177
2020-05,Bus,Adult,4107310
2020-05,Bus,Adult Single Bus Trip 1,138
2020-05,Bus,Adult Single Bus Trip 2,40
2020-05,Bus,Adult Single Bus Trip 3,25
2020-05,Bus,CTP,1156729
2020-05,Bus,Child/Youth,357558
2020-05,Bus,Child/Youth Single Bus Trip 1,25
2020-05,Bus,Child/Youth Single Bus Trip 2,8
2020-05,Bus,Child/Youth Single Bus Trip 3,4
2020-05,Bus,Concession,289775
2020-05,Bus,Day Pass Child/Youth w/o SAF,1
2020-05,Bus,Day Pass without SAF,393
2020-05,Bus,Employee,41491
2020-05,Bus,Free Travel,15935
2020-05,Bus,On Demand,10192
2020-05,Bus,School Student,727918
2020-05,Bus,Senior/Pensioner,1842193
2020-05,Ferry,Adult,101720
2020-05,Ferry,CTP,44239
2020-05,Ferry,Child/Youth,7998
2020-05,Ferry,Concession,4289
2020-05,Ferry,Day Pass without SAF,2
2020-05,Ferry,Employee,1370
2020-05,Ferry,Free Travel,551
2020-05,Ferry,School Student,1919
2020-05,Ferry,Senior/Pensioner,39819
2020-05,Ferry,Sgl Trip Ferry Adult,1162
2020-05,Ferry,Sgl Trip Ferry Child/Youth,659
2020-05,Light rail,Adult,254202
2020-05,Light rail,CTP,76246
2020-05,Light rail,Child/Youth,11489
2020-05,Light rail,Concession,14619
2020-05,Light rail,Day Pass without SAF,10
2020-05,Light rail,Employee,1119
2020-05,Light rail,Free Travel,640
2020-05,Light rail,School Student,17905
2020-05,Light rail,Senior/Pensioner,67053
2020-05,Light rail,Sgl Trip LR Adult,387
2020-05,Light rail,Sgl Trip LR Child/Youth,163
2020-05,Metro,Adult,279666
2020-05,Metro,CTP,62148
2020-05,Metro,Child/Youth,18828
2020-05,Metro,Concession,23677
2020-05,Metro,Day Pass without SAF,8
2020-05,Metro,Employee,4482
2020-05,Metro,Free Travel,375
2020-05,Metro,School Student,28670
2020-05,Metro,Senior/Pensioner,29411
2020-05,Metro,Sgl Trip Rail Adult,841
2020-05,Metro,Sgl Trip Rail Child/Youth,1221
2020-05,Train,Adult,6117204
2020-05,Train,CTP,1195199
2020-05,Train,Child/Youth,199113
2020-05,Train,Concession,303299
2020-05,Train,Day Pass without SAF,446
2020-05,Train,Employee,179768
2020-05,Train,Free Travel,9664
2020-05,Train,School Student,345854
2020-05,Train,Senior/Pensioner,938107
2020-05,Train,Sgl Trip Rail Adult,21690
2020-05,Train,Sgl Trip Rail Child/Youth,13330
2020-06,Bus,Adult,5296996
2020-06,Bus,Adult Single Bus Trip 1,107
2020-06,Bus,Adult Single Bus Trip 2,61
2020-06,Bus,Adult Single Bus Trip 3,17
2020-06,Bus,CTP,1664174
2020-06,Bus,Child/Youth,605522
2020-06,Bus,Child/Youth Single Bus Trip 1,15
2020-06,Bus,Child/Youth Single Bus Trip 2,21
2020-06,Bus,Child/Youth Single Bus Trip 3,4
2020-06,Bus,Concession,456231
2020-06,Bus,Day Pass Child/Youth w/o SAF,22
2020-06,Bus,Day Pass without SAF,464
2020-06,Bus,Employee,50008
2020-06,Bus,Free Travel,21672
2020-06,Bus,On Demand,13690
2020-06,Bus,School Student,1891322
2020-06,Bus,Senior/Pensioner,2385697
2020-06,Ferry,Adult,177637
2020-06,Ferry,CTP,83342
2020-06,Ferry,Child/Youth,20127
2020-06,Ferry,Concession,9065
2020-06,Ferry,Day Pass Child/Youth w/o SAF,2
2020-06,Ferry,Day Pass without SAF,3
2020-06,Ferry,Employee,2289
2020-06,Ferry,Free Travel,1034
2020-06,Ferry,School Student,5401
2020-06,Ferry,Senior/Pensioner,72560
2020-06,Ferry,Sgl Trip Ferry Adult,3592
2020-06,Ferry,Sgl Trip Ferry Child/Youth,2299
2020-06,Light rail,Adult,406393
2020-06,Light rail,CTP,140495
2020-06,Light rail,Child/Youth,25510
2020-06,Light rail,Concession,32459
2020-06,Light rail,Day Pass without SAF,32
2020-06,Light rail,Employee,1743
2020-06,Light rail,Free Travel,1138
2020-06,Light rail,School Student,45025
2020-06,Light rail,Senior/Pensioner,118312
2020-06,Light rail,Sgl Trip LR Adult,762
2020-06,Light rail,Sgl Trip LR Child/Youth,410
2020-06,Metro,Adult,444552
2020-06,Metro,CTP,112387
2020-06,Metro,Child/Youth,46163
2020-06,Metro,Concession,48461
2020-06,Metro,Day Pass Child/Youth w/o SAF,4
2020-06,Metro,Day Pass without SAF,4
2020-06,Metro,Employee,5725
2020-06,Metro,Free Travel,734
2020-06,Metro,School Student,80422
2020-06,Metro,Senior/Pensioner,52746
2020-06,Metro,Sgl Trip Rail Adult,1921
2020-06,Metro,Sgl Trip Rail Child/Youth,2508
2020-06,Train,Adult,8357270
2020-06,Train,CTP,1900026
2020-06,Train,Child/Youth,380309
2020-06,Train,Concession,554058
2020-06,Train,Day Pass Child/Youth w/o SAF,11
2020-06,Train,Day Pass without SAF,543
2020-06,Train,Employee,203267
2020-06,Train,Free Travel,14546
2020-06,Train,School Student,936253
2020-06,Train,Senior/Pensioner,1360337
2020-06,Train,Sgl Trip Rail Adult,35863
2020-06,Train,Sgl Trip Rail Child/Youth,20187
2020-07,Bus,Adult,5980811
2020-07,Bus,Adult Single Bus Trip 1,142
2020-07,Bus,Adult Single Bus Trip 2,76
2020-07,Bus,Adult Single Bus Trip 3,18
2020-07,Bus,CTP,2013614
2020-07,Bus,Child/Youth,863848
2020-07,Bus,Child/Youth Single Bus Trip 1,34
2020-07,Bus,Child/Youth Single Bus Trip 2,31
2020-07,Bus,Child/Youth Single Bus Trip 3,5
2020-07,Bus,Concession,581048
2020-07,Bus,Day Pass Child/Youth w/o SAF,62
2020-07,Bus,Day Pass without SAF,559
2020-07,Bus,Employee,54732
2020-07,Bus,Free Travel,24073
2020-07,Bus,On Demand,16368
2020-07,Bus,School Student,1033486
2020-07,Bus,Senior/Pensioner,2563464
2020-07,Ferry,Adult,202450
2020-07,Ferry,CTP,101923
2020-07,Ferry,Child/Youth,48004
2020-07,Ferry,Concession,12344
2020-07,Ferry,Day Pass without SAF,14
2020-07,Ferry,Employee,2701
2020-07,Ferry,Free Travel,1215
2020-07,Ferry,School Student,2989
2020-07,Ferry,Senior/Pensioner,80353
2020-07,Ferry,Sgl Trip Ferry Adult,6021
2020-07,Ferry,Sgl Trip Ferry Child/Youth,5740
2020-07,Light rail,Adult,521409
2020-07,Light rail,CTP,194622
2020-07,Light rail,Child/Youth,57156
2020-07,Light rail,Concession,47485
2020-07,Light rail,Day Pass without SAF,30
2020-07,Light rail,Employee,3323
2020-07,Light rail,Free Travel,1336
2020-07,Light rail,School Student,24956
2020-07,Light rail,Senior/Pensioner,141973
2020-07,Light rail,Sgl Trip LR Adult,1077
2020-07,Light rail,Sgl Trip LR Child/Youth,1003
2020-07,Metro,Adult,522269
2020-07,Metro,CTP,139350
2020-07,Metro,Child/Youth,89378
2020-07,Metro,Concession,72925
2020-07,Metro,Day Pass without SAF,4
2020-07,Metro,Employee,6046
2020-07,Metro,Free Travel,826
2020-07,Metro,School Student,48768
2020-07,Metro,Senior/Pensioner,58530
2020-07,Metro,Sgl Trip Rail Adult,2016
2020-07,Metro,Sgl Trip Rail Child/Youth,3662
2020-07,Train,Adult,9499639
2020-07,Train,CTP,2292077
2020-07,Train,Child/Youth,643641
2020-07,Train,Concession,722855
2020-07,Train,Day Pass Child/Youth w/o SAF,47
2020-07,Train,Day Pass without SAF,579
2020-07,Train,Employee,216720
2020-07,Train,Free Travel,16171
2020-07,Train,School Student,519597
2020-07,Train,Senior/Pensioner,1466814
2020-07,Train,Sgl Trip Rail Adult,39724
2020-07,Train,Sgl Trip Rail Child/Youth,29040
2020-08,Bus,Adult,5609631
2020-08,Bus,Adult Single Bus Trip 1,114
2020-08,Bus,Adult Single Bus Trip 2,41
2020-08,Bus,Adult Single Bus Trip 3,22
2020-08,Bus,CTP,1939712
2020-08,Bus,Child/Youth,628201
2020-08,Bus,Child/Youth Single Bus Trip 1,9
2020-08,Bus,Child/Youth Single Bus Trip 2,7
2020-08,Bus,Child/Youth Single Bus Trip 3,5
2020-08,Bus,Concession,622654
2020-08,Bus,Day Pass Child/Youth w/o SAF,1
2020-08,Bus,Day Pass without SAF,422
2020-08,Bus,Employee,51775
2020-08,Bus,Free Travel,22685
2020-08,Bus,On Demand,14999
2020-08,Bus,School Student,1806836
2020-08,Bus,Senior/Pensioner,2410075
2020-08,Ferry,Adult,170746
2020-08,Ferry,CTP,90937
2020-08,Ferry,Child/Youth,16218
2020-08,Ferry,Concession,11428
2020-08,Ferry,Day Pass without SAF,1
2020-08,Ferry,Employee,2368
2020-08,Ferry,Free Travel,939
2020-08,Ferry,School Student,5201
2020-08,Ferry,Senior/Pensioner,68959
2020-08,Ferry,Sgl Trip Ferry Adult,1898
2020-08,Ferry,Sgl Trip Ferry Child/Youth,1282
2020-08,Light rail,Adult,513778
2020-08,Light rail,CTP,192136
2020-08,Light rail,Child/Youth,27831
2020-08,Light rail,Concession,54331
2020-08,Light rail,Day Pass without SAF,20
2020-08,Light rail,Employee,4067
2020-08,Light rail,Free Travel,1148
2020-08,Light rail,School Student,39183
2020-08,Light rail,Senior/Pensioner,132272
2020-08,Light rail,Sgl Trip LR Adult,451
2020-08,Light rail,Sgl Trip LR Child/Youth,251
2020-08,Metro,Adult,503923
2020-08,Metro,CTP,148270
2020-08,Metro,Child/Youth,47188
2020-08,Metro,Concession,104706
2020-08,Metro,Day Pass without SAF,5
2020-08,Metro,Employee,5770
2020-08,Metro,Free Travel,844
2020-08,Metro,School Student,80446
2020-08,Metro,Senior/Pensioner,53995
2020-08,Metro,Sgl Trip Rail Adult,1613
2020-08,Metro,Sgl Trip Rail Child/Youth,2142
2020-08,Train,Adult,8635155
2020-08,Train,CTP,2128878
2020-08,Train,Child/Youth,376987
2020-08,Train,Concession,756263
2020-08,Train,Day Pass Child/Youth w/o SAF,7
2020-08,Train,Day Pass without SAF,514
2020-08,Train,Employee,203844
2020-08,Train,Free Travel,15100
2020-08,Train,School Student,891939
2020-08,Train,Senior/Pensioner,1333085
2020-08,Train,Sgl Trip Rail Adult,26791
2020-08,Train,Sgl Trip Rail Child/Youth,16736
2020-09,Bus,Adult,5844392
2020-09,Bus,Adult Single Bus Trip 1,76
2020-09,Bus,Adult Single Bus Trip 2,36
2020-09,Bus,Adult Single Bus Trip 3,24
2020-09,Bus,CTP,2131509
2020-09,Bus,Child/Youth,715957
2020-09,Bus,Child/Youth Single Bus Trip 1,5
2020-09,Bus,Child/Youth Single Bus Trip 2,1
2020-09,Bus,Child/Youth Single Bus Trip 3,5
2020-09,Bus,Concession,674595
2020-09,Bus,Day Pass Child/Youth w/o SAF,1
2020-09,Bus,Day Pass without SAF,436
2020-09,Bus,Employee,53927
2020-09,Bus,Free Travel,23695
2020-09,Bus,On Demand,16714
2020-09,Bus,School Student,1625421
2020-09,Bus,Senior/Pensioner,2603832
2020-09,Ferry,Adult,192004
2020-09,Ferry,CTP,104920
2020-09,Ferry,Child/Youth,28018
2020-09,Ferry,Concession,12944
2020-09,Ferry,Day Pass without SAF,4
2020-09,Ferry,Employee,3019
2020-09,Ferry,Free Travel,1163
2020-09,Ferry,School Student,5788
2020-09,Ferry,Senior/Pensioner,89053
2020-09,Ferry,Sgl Trip Ferry Adult,2772
2020-09,Ferry,Sgl Trip Ferry Child/Youth,2306
2020-09,Light rail,Adult,539264
2020-09,Light rail,CTP,214718
2020-09,Light rail,Child/Youth,36925
2020-09,Light rail,Concession,68439
2020-09,Light rail,Day Pass without SAF,13
2020-09,Light rail,Employee,4332
2020-09,Light rail,Free Travel,1379
2020-09,Light rail,School Student,39608
2020-09,Light rail,Senior/Pensioner,153899
2020-09,Light rail,Sgl Trip LR Adult,634
2020-09,Light rail,Sgl Trip LR Child/Youth,394
2020-09,Metro,Adult,533927
2020-09,Metro,CTP,159481
2020-09,Metro,Child/Youth,61501
2020-09,Metro,Concession,94107
2020-09,Metro,Day Pass without SAF,6
2020-09,Metro,Employee,6245
2020-09,Metro,Free Travel,878
2020-09,Metro,School Student,80811
2020-09,Metro,Senior/Pensioner,62527
2020-09,Metro,Sgl Trip Rail Adult,1676
2020-09,Metro,Sgl Trip Rail Child/Youth,2653
2020-09,Train,Adult,9172681
2020-09,Train,CTP,2433375
2020-09,Train,Child/Youth,481158
2020-09,Train,Concession,836827
2020-09,Train,Day Pass Child/Youth w/o SAF,17
2020-09,Train,Day Pass without SAF,470
2020-09,Train,Employee,213889
2020-09,Train,Free Travel,16910
2020-09,Train,School Student,846898
2020-09,Train,Senior/Pensioner,1501862
2020-09,Train,Sgl Trip Rail Adult,31229
2020-09,Train,Sgl Trip Rail Child/Youth,20973
2020-10,Bus,Adult,6006332
2020-10,Bus,Adult Single Bus Trip 1,107
2020-10,Bus,Adult Single Bus Trip 2,46
2020-10,Bus,Adult Single Bus Trip 3,25
2020-10,Bus,CTP,2395589
2020-10,Bus,Child/Youth,838452
2020-10,Bus,Child/Youth Single Bus Trip 1,17
2020-10,Bus,Child/Youth Single Bus Trip 2,10
2020-10,Bus,Child/Youth Single Bus Trip 3,7
2020-10,Bus,Concession,691561
2020-10,Bus,Day Pass Child/Youth w/o SAF,1
2020-10,Bus,Day Pass without SAF,527
2020-10,Bus,Employee,56430
2020-10,Bus,Free Travel,24881
2020-10,Bus,On Demand,16944
2020-10,Bus,School Student,1261371
2020-10,Bus,Senior/Pensioner,2766738
2020-10,Ferry,Adult,232826
2020-10,Ferry,CTP,128751
2020-10,Ferry,Child/Youth,57850
2020-10,Ferry,Concession,14082
2020-10,Ferry,Day Pass Child/Youth w/o SAF,4
2020-10,Ferry,Day Pass without SAF,20
2020-10,Ferry,Employee,3562
2020-10,Ferry,Free Travel,1425
2020-10,Ferry,School Student,4702
2020-10,Ferry,Senior/Pensioner,106677
2020-10,Ferry,Sgl Trip Ferry Adult,5593
2020-10,Ferry,Sgl Trip Ferry Child/Youth,5240
2020-10,Light rail,Adult,632151
2020-10,Light rail,CTP,274808
2020-10,Light rail,Child/Youth,58974
2020-10,Light rail,Concession,85187
2020-10,Light rail,Day Pass without SAF,30
2020-10,Light rail,Employee,5719
2020-10,Light rail,Free Travel,1541
2020-10,Light rail,School Student,28522
2020-10,Light rail,Senior/Pensioner,188672
2020-10,Light rail,Sgl Trip LR Adult,1075
2020-10,Light rail,Sgl Trip LR Child/Youth,866
2020-10,Metro,Adult,552180
2020-10,Metro,CTP,173066
2020-10,Metro,Child/Youth,80137
2020-10,Metro,Concession,102905
2020-10,Metro,Day Pass without SAF,13
2020-10,Metro,Employee,6414
2020-10,Metro,Free Travel,945
2020-10,Metro,School Student,63594
2020-10,Metro,Senior/Pensioner,68481
2020-10,Metro,Sgl Trip Rail Adult,2060
2020-10,Metro,Sgl Trip Rail Child/Youth,3007
2020-10,Train,Adult,9591778
2020-10,Train,CTP,2817668
2020-10,Train,Child/Youth,638173
2020-10,Train,Concession,859401
2020-10,Train,Day Pass Child/Youth w/o SAF,11
2020-10,Train,Day Pass without SAF,523
2020-10,Train,Employee,217613
2020-10,Train,Free Travel,18019
2020-10,Train,School Student,646636
2020-10,Train,Senior/Pensioner,1644798
2020-10,Train,Sgl Trip Rail Adult,39312
2020-10,Train,Sgl Trip Rail Child/Youth,28525
2020-11,Bus,Adult,6166389
2020-11,Bus,Adult Single Bus Trip 1,78
2020-11,Bus,Adult Single Bus Trip 2,30
2020-11,Bus,Adult Single Bus Trip 3,13
2020-11,Bus,CTP,2558091
2020-11,Bus,Child/Youth,704689
2020-11,Bus,Child/Youth Single Bus Trip 1,4
2020-11,Bus,Child/Youth Single Bus Trip 2,7
2020-11,Bus,Child/Youth Single Bus Trip 3,4
2020-11,Bus,Concession,678187
2020-11,Bus,Day Pass Child/Youth w/o SAF,17
2020-11,Bus,Day Pass without SAF,563
2020-11,Bus,Employee,59168
2020-11,Bus,Free Travel,26771
2020-11,Bus,On Demand,17146
2020-11,Bus,School Student,1701786
2020-11,Bus,Senior/Pensioner,2896802
2020-11,Ferry,Adult,219061
2020-11,Ferry,CTP,132605
2020-11,Ferry,Child/Youth,28016
2020-11,Ferry,Concession,13061
2020-11,Ferry,Day Pass without SAF,12
2020-11,Ferry,Employee,3443
2020-11,Ferry,Free Travel,1514
2020-11,Ferry,School Student,7451
2020-11,Ferry,Senior/Pensioner,116804
2020-11,Ferry,Sgl Trip Ferry Adult,4573
2020-11,Ferry,Sgl Trip Ferry Child/Youth,2573
2020-11,Light rail,Adult,685141
2020-11,Light rail,CTP,314136
2020-11,Light rail,Child/Youth,45912
2020-11,Light rail,Concession,85355
2020-11,Light rail,Day Pass without SAF,23
2020-11,Light rail,Employee,5995
2020-11,Light rail,Free Travel,1759
2020-11,Light rail,School Student,38838
2020-11,Light rail,Senior/Pensioner,213033
2020-11,Light rail,Sgl Trip LR Adult,1026
2020-11,Light rail,Sgl Trip LR Child/Youth,597
2020-11,Metro,Adult,617476
2020-11,Metro,CTP,201491
2020-11,Metro,Child/Youth,66747
2020-11,Metro,Concession,86880
2020-11,Metro,Day Pass without SAF,1
2020-11,Metro,Employee,7401
2020-11,Metro,Free Travel,1081
2020-11,Metro,School Student,93904
2020-11,Metro,Senior/Pensioner,81964
2020-11,Metro,Sgl Trip Rail Adult,2462
2020-11,Metro,Sgl Trip Rail Child/Youth,2839
2020-11,Train,Adult,9919415
2020-11,Train,CTP,3065452
2020-11,Train,Child/Youth,514868
2020-11,Train,Concession,837790
2020-11,Train,Day Pass Child/Youth w/o SAF,29
2020-11,Train,Day Pass without SAF,522
2020-11,Train,Employee,226179
2020-11,Train,Free Travel,19717
2020-11,Train,School Student,900820
2020-11,Train,Senior/Pensioner,1767809
2020-11,Train,Sgl Trip Rail Adult,41236
2020-11,Train,Sgl Trip Rail Child/Youth,23433
2020-12,Bus,Adult,5739175
2020-12,Bus,Adult Single Bus Trip 1,96
2020-12,Bus,Adult Single Bus Trip 2,30
2020-12,Bus,Adult Single Bus Trip 3,6
2020-12,Bus,CTP,2549345
2020-12,Bus,Child/Youth,800460
2020-12,Bus,Child/Youth Single Bus Trip 1,1
2020-12,Bus,Child/Youth Single Bus Trip 2,6
2020-12,Bus,Child/Youth Single Bus Trip 3,2
2020-12,Bus,Concession,580697
2020-12,Bus,Day Pass Child/Youth w/o SAF,11
2020-12,Bus,Day Pass without SAF,618
2020-12,Bus,Employee,56361
2020-12,Bus,Free Travel,25512
2020-12,Bus,On Demand,17201
2020-12,Bus,School Student,780929
2020-12,Bus,Senior/Pensioner,2841423
2020-12,Ferry,Adult,197131
2020-12,Ferry,CTP,126639
2020-12,Ferry,Child/Youth,34165
2020-12,Ferry,Concession,11777
2020-12,Ferry,Day Pass without SAF,15
2020-12,Ferry,Employee,2932
2020-12,Ferry,Free Travel,1292
2020-12,Ferry,School Student,4291
2020-12,Ferry,Senior/Pensioner,93970
2020-12,Ferry,Sgl Trip Ferry Adult,5608
2020-12,Ferry,Sgl Trip Ferry Child/Youth,3470
2020-12,Light rail,Adult,716948
2020-12,Light rail,CTP,350597
2020-12,Light rail,Child/Youth,64923
2020-12,Light rail,Concession,71350
2020-12,Light rail,Day Pass Child/Youth w/o SAF,2
2020-12,Light rail,Day Pass without SAF,21
2020-12,Light rail,Employee,6826
2020-12,Light rail,Free Travel,1830
2020-12,Light rail,School Student,20519
2020-12,Light rail,Senior/Pensioner,216952
2020-12,Light rail,Sgl Trip LR Adult,1418
2020-12,Light rail,Sgl Trip LR Child/Youth,860
2020-12,Metro,Adult,583500
2020-12,Metro,CTP,215788
2020-12,Metro,Child/Youth,94959
2020-12,Metro,Concession,78503
2020-12,Metro,Day Pass without SAF,9
2020-12,Metro,Employee,7699
2020-12,Metro,Free Travel,1082
2020-12,Metro,School Student,51121
2020-12,Metro,Senior/Pensioner,77723
2020-12,Metro,Sgl Trip Rail Adult,3080
2020-12,Metro,Sgl Trip Rail Child/Youth,4100
2020-12,Train,Adult,9225046
2020-12,Train,CTP,3091734
2020-12,Train,Child/Youth,635972
2020-12,Train,Concession,756484
2020-12,Train,Day Pass Child/Youth w/o SAF,12
2020-12,Train,Day Pass without SAF,641
2020-12,Train,Employee,226494
2020-12,Train,Free Travel,18057
2020-12,Train,School Student,429805
2020-12,Train,Senior/Pensioner,1706291
2020-12,Train,Sgl Trip Rail Adult,51766
2020-12,Train,Sgl Trip Rail Child/Youth,31494
2021-01,Bus,Adult,5148624
2021-01,Bus,Adult Single Bus Trip 1,61
2021-01,Bus,Adult Single Bus Trip 2,23
2021-01,Bus,Adult Single Bus Trip 3,9
2021-01,Bus,CTP,2416896
2021-01,Bus,Child/Youth,887024
2021-01,Bus,Child/Youth Single Bus Trip 1,17
2021-01,Bus,Child/Youth Single Bus Trip 2,2
2021-01,Bus,Concession,499048
2021-01,Bus,Day Pass Child/Youth w/o SAF,2
2021-01,Bus,Day Pass without SAF,604
2021-01,Bus,Employee,48782
2021-01,Bus,Free Travel,21806
2021-01,Bus,On Demand,15373
2021-01,Bus,School Student,81935
2021-01,Bus,Senior/Pensioner,2447119
2021-01,Ferry,Adult,211318
2021-01,Ferry,CTP,141585
2021-01,Ferry,Child/Youth,62949
2021-01,Ferry,Concession,13986
2021-01,Ferry,Day Pass Child/Youth w/o SAF,1
2021-01,Ferry,Day Pass without SAF,18
2021-01,Ferry,Employee,3292
2021-01,Ferry,Free Travel,1329
2021-01,Ferry,School Student,730
2021-01,Ferry,Senior/Pensioner,94831
2021-01,Ferry,Sgl Trip Ferry Adult,4247
2021-01,Ferry,Sgl Trip Ferry Child/Youth,4985
2021-01,Light rail,Adult,627839
2021-01,Light rail,CTP,309592
2021-01,Light rail,Child/Youth,77802
2021-01,Light rail,Concession,64830
2021-01,Light rail,Day Pass without SAF,27
2021-01,Light rail,Employee,5735
2021-01,Light rail,Free Travel,1690
2021-01,Light rail,School Student,2499
2021-01,Light rail,Senior/Pensioner,181710
2021-01,Light rail,Sgl Trip LR Adult,918
2021-01,Light rail,Sgl Trip LR Child/Youth,987
2021-01,Metro,Adult,489531
2021-01,Metro,CTP,180974
2021-01,Metro,Child/Youth,105764
2021-01,Metro,Concession,67660
2021-01,Metro,Day Pass without SAF,6
2021-01,Metro,Employee,6574
2021-01,Metro,Free Travel,812
2021-01,Metro,School Student,5223
2021-01,Metro,Senior/Pensioner,62489
2021-01,Metro,Sgl Trip Rail Adult,1901
2021-01,Metro,Sgl Trip Rail Child/Youth,3751
2021-01,Train,Adult,7869191
2021-01,Train,CTP,2686459
2021-01,Train,Child/Youth,715610
2021-01,Train,Concession,628940
2021-01,Train,Day Pass Child/Youth w/o SAF,1
2021-01,Train,Day Pass without SAF,721
2021-01,Train,Employee,205188
2021-01,Train,Free Travel,13909
2021-01,Train,School Student,50576
2021-01,Train,Senior/Pensioner,1384427
2021-01,Train,Sgl Trip Rail Adult,31739
2021-01,Train,Sgl Trip Rail Child/Youth,29775
2021-02,Bus,Adult,5907430
2021-02,Bus,Adult Single Bus Trip 1,152
2021-02,Bus,Adult Single Bus Trip 2,33
2021-02,Bus,Adult Single Bus Trip 3,11
2021-02,Bus,CTP,2714548
2021-02,Bus,Child/Youth,737454
2021-02,Bus,Child/Youth Single Bus Trip 1,3
2021-02,Bus,Child/Youth Single Bus Trip 3,2
2021-02,Bus,Concession,707314
2021-02,Bus,Day Pass Child/Youth w/o SAF,15
2021-02,Bus,Day Pass without SAF,667
2021-02,Bus,Employee,55329
2021-02,Bus,Free Travel,26110
2021-02,Bus,On Demand,18068
2021-02,Bus,School Student,1989485
2021-02,Bus,Senior/Pensioner,2808255
2021-02,Ferry,Adult,218010
2021-02,Ferry,CTP,148965
2021-02,Ferry,Child/Youth,25386
2021-02,Ferry,Concession,15515
2021-02,Ferry,Day Pass without SAF,6
2021-02,Ferry,Employee,3479
2021-02,Ferry,Free Travel,1444
2021-02,Ferry,School Student,9873
2021-02,Ferry,Senior/Pensioner,118035
2021-02,Ferry,Sgl Trip Ferry Adult,4346
2021-02,Ferry,Sgl Trip Ferry Child/Youth,2201
2021-02,Light rail,Adult,759987
2021-02,Light rail,CTP,385649
2021-02,Light rail,Child/Youth,67431
2021-02,Light rail,Concession,159731
2021-02,Light rail,Day Pass without SAF,21
2021-02,Light rail,Employee,5960
2021-02,Light rail,Free Travel,1983
2021-02,Light rail,School Student,52130
2021-02,Light rail,Senior/Pensioner,228925
2021-02,Light rail,Sgl Trip LR Adult,884
2021-02,Light rail,Sgl Trip LR Child/Youth,506
2021-02,Metro,Adult,642411
2021-02,Metro,CTP,236161
2021-02,Metro,Child/Youth,77584
2021-02,Metro,Concession,104930
2021-02,Metro,Day Pass without SAF,10
2021-02,Metro,Employee,7230
2021-02,Metro,Free Travel,1117
2021-02,Metro,School Student,103196
2021-02,Metro,Senior/Pensioner,85141
2021-02,Metro,Sgl Trip Rail Adult,2486
2021-02,Metro,Sgl Trip Rail Child/Youth,2792
2021-02,Train,Adult,9681207
2021-02,Train,CTP,3440694
2021-02,Train,Child/Youth,556563
2021-02,Train,Concession,980597
2021-02,Train,Day Pass Child/Youth w/o SAF,3
2021-02,Train,Day Pass without SAF,605
2021-02,Train,Employee,221297
2021-02,Train,Free Travel,20426
2021-02,Train,School Student,1037993
2021-02,Train,Senior/Pensioner,1758361
2021-02,Train,Sgl Trip Rail Adult,44261
2021-02,Train,Sgl Trip Rail Child/Youth,23446
2021-03,Bus,Adult,6661997
2021-03,Bus,Adult Single Bus Trip 1,92
2021-03,Bus,Adult Single Bus Trip 2,35
2021-03,Bus,Adult Single Bus Trip 3,19
2021-03,Bus,CTP,3112024
2021-03,Bus,Child/Youth,697395
2021-03,Bus,Concession,1076821
2021-03,Bus,Day Pass Child/Youth w/o SAF,31
2021-03,Bus,Day Pass without SAF,725
2021-03,Bus,Employee,62780
2021-03,Bus,Free Travel,29437
2021-03,Bus,On Demand,21078
2021-03,Bus,School Student,2153901
2021-03,Bus,Senior/Pensioner,3215739
2021-03,Ferry,Adult,237686
2021-03,Ferry,CTP,165859
2021-03,Ferry,Child/Youth,31065
2021-03,Ferry,Concession,16842
2021-03,Ferry,Day Pass without SAF,16
2021-03,Ferry,Employee,3991
2021-03,Ferry,Free Travel,1492
2021-03,Ferry,School Student,10491
2021-03,Ferry,Senior/Pensioner,133259
2021-03,Ferry,Sgl Trip Ferry Adult,6248
2021-03,Ferry,Sgl Trip Ferry Child/Youth,3014
2021-03,Light rail,Adult,801365
2021-03,Light rail,CTP,413285
2021-03,Light rail,Child/Youth,52309
2021-03,Light rail,Concession,229557
2021-03,Light rail,Day Pass without SAF,27
2021-03,Light rail,Employee,6407
2021-03,Light rail,Free Travel,2132
2021-03,Light rail,School Student,50776
2021-03,Light rail,Senior/Pensioner,259203
2021-03,Light rail,Sgl Trip LR Adult,1081
2021-03,Light rail,Sgl Trip LR Child/Youth,492
2021-03,Metro,Adult,753250
2021-03,Metro,CTP,282204
2021-03,Metro,Child/Youth,69779
2021-03,Metro,Concession,202933
2021-03,Metro,Day Pass without SAF,3
2021-03,Metro,Employee,8584
2021-03,Metro,Free Travel,1271
2021-03,Metro,School Student,122144
2021-03,Metro,Senior/Pensioner,100401
2021-03,Metro,Sgl Trip Rail Adult,2989
2021-03,Metro,Sgl Trip Rail Child/Youth,2756
2021-03,Train,Adult,11142431
2021-03,Train,CTP,4083006
2021-03,Train,Child/Youth,532750
2021-03,Train,Concession,1540913
2021-03,Train,Day Pass Child/Youth w/o SAF,27
2021-03,Train,Day Pass without SAF,725
2021-03,Train,Employee,251744
2021-03,Train,Free Travel,23298
2021-03,Train,School Student,1190300
2021-03,Train,Senior/Pensioner,2071838
2021-03,Train,Sgl Trip Rail Adult,60743
2021-03,Train,Sgl Trip Rail Child/Youth,28028
2021-04,Bus,Adult,6250652
2021-04,Bus,Adult Single Bus Trip 1,73
2021-04,Bus,Adult Single Bus Trip 2,70
2021-04,Bus,Adult Single Bus Trip 3,17
2021-04,Bus,CTP,3177099
2021-04,Bus,Child/Youth,936865
2021-04,Bus,Child/Youth Single Bus Trip 1,5
2021-04,Bus,Child/Youth Single Bus Trip 2,9
2021-04,Bus,Child/Youth Single Bus Trip 3,1
2021-04,Bus,Concession,846573
2021-04,Bus,Day Pass Child/Youth w/o SAF,5
2021-04,Bus,Day Pass without SAF,502
2021-04,Bus,Employee,60810
2021-04,Bus,Free Travel,28799
2021-04,Bus,On Demand,19530
2021-04,Bus,School Student,946897
2021-04,Bus,Senior/Pensioner,3203204
2021-04,Ferry,Adult,340228
2021-04,Ferry,CTP,247035
2021-04,Ferry,Child/Youth,96891
2021-04,Ferry,Concession,17490
2021-04,Ferry,Day Pass without SAF,15
2021-04,Ferry,Employee,4982
2021-04,Ferry,Free Travel,1974
2021-04,Ferry,School Student,4864
2021-04,Ferry,Senior/Pensioner,178749
2021-04,Ferry,Sgl Trip Ferry Adult,18735
2021-04,Ferry,Sgl Trip Ferry Child/Youth,15144
2021-04,Light rail,Adult,934599
2021-04,Light rail,CTP,521713
2021-04,Light rail,Child/Youth,125713
2021-04,Light rail,Concession,196902
2021-04,Light rail,Day Pass without SAF,19
2021-04,Light rail,Employee,7916
2021-04,Light rail,Free Travel,2956
2021-04,Light rail,School Student,22281
2021-04,Light rail,Senior/Pensioner,330539
2021-04,Light rail,Sgl Trip LR Adult,2765
2021-04,Light rail,Sgl Trip LR Child/Youth,2219
2021-04,Metro,Adult,724933
2021-04,Metro,CTP,294486
2021-04,Metro,Child/Youth,112888
2021-04,Metro,Concession,139038
2021-04,Metro,Day Pass without SAF,7
2021-04,Metro,Employee,8072
2021-04,Metro,Free Travel,1412
2021-04,Metro,School Student,56909
2021-04,Metro,Senior/Pensioner,107808
2021-04,Metro,Sgl Trip Rail Adult,3971
2021-04,Metro,Sgl Trip Rail Child/Youth,5286
2021-04,Train,Adult,10852255
2021-04,Train,CTP,4379493
2021-04,Train,Child/Youth,935882
2021-04,Train,Concession,1227628
2021-04,Train,Day Pass Child/Youth w/o SAF,8
2021-04,Train,Day Pass without SAF,584
2021-04,Train,Employee,239457
2021-04,Train,Free Travel,23328
2021-04,Train,School Student,534720
2021-04,Train,Senior/Pensioner,2218946
2021-04,Train,Sgl Trip Rail Adult,83270
2021-04,Train,Sgl Trip Rail Child/Youth,56928
2021-05,Bus,Adult,6504495
2021-05,Bus,Adult Single Bus Trip 1,89
2021-05,Bus,Adult Single Bus Trip 2,22
2021-05,Bus,Adult Single Bus Trip 3,15
2021-05,Bus,CTP,3319276
2021-05,Bus,Child/Youth,684511
2021-05,Bus,Child/Youth Single Bus Trip 1,7
2021-05,Bus,Child/Youth Single Bus Trip 2,1
2021-05,Bus,Child/Youth Single Bus Trip 3,3
2021-05,Bus,Concession,920032
2021-05,Bus,Day Pass Child/Youth w/o SAF,5
2021-05,Bus,Day Pass without SAF,727
2021-05,Bus,Employee,63334
2021-05,Bus,Free Travel,28884
2021-05,Bus,On Demand,20804
2021-05,Bus,School Student,1849310
2021-05,Bus,Senior/Pensioner,3258937
2021-05,Ferry,Adult,246613
2021-05,Ferry,CTP,192875
2021-05,Ferry,Child/Youth,31202
2021-05,Ferry,Concession,14721
2021-05,Ferry,Day Pass Child/Youth w/o SAF,612
2021-05,Ferry,Day Pass without SAF,38
2021-05,Ferry,Employee,4583
2021-05,Ferry,Free Travel,1648
2021-05,Ferry,School Student,8929
2021-05,Ferry,Senior/Pensioner,146719
2021-05,Ferry,Sgl Trip Ferry Adult,8717
2021-05,Ferry,Sgl Trip Ferry Child/Youth,4322
2021-05,Light rail,Adult,911130
2021-05,Light rail,CTP,520234
2021-05,Light rail,Child/Youth,60324
2021-05,Light rail,Concession,143357
2021-05,Light rail,Day Pass Child/Youth w/o SAF,87
2021-05,Light rail,Day Pass without SAF,25
2021-05,Light rail,Employee,7962
2021-05,Light rail,Free Travel,2610
2021-05,Light rail,School Student,41673
2021-05,Light rail,Senior/Pensioner,309228
2021-05,Light rail,Sgl Trip LR Adult,1663
2021-05,Light rail,Sgl Trip LR Child/Youth,992
2021-05,Metro,Adult,784759
2021-05,Metro,CTP,324035
2021-05,Metro,Child/Youth,76183
2021-05,Metro,Concession,172821
2021-05,Metro,Day Pass without SAF,3
2021-05,Metro,Employee,9284
2021-05,Metro,Free Travel,1426
2021-05,Metro,School Student,117474
2021-05,Metro,Senior/Pensioner,114252
2021-05,Metro,Sgl Trip Rail Adult,3415
2021-05,Metro,Sgl Trip Rail Child/Youth,3857
2021-05,Train,Adult,11083214
2021-05,Train,CTP,4502379
2021-05,Train,Child/Youth,551285
2021-05,Train,Concession,1268868
2021-05,Train,Day Pass Child/Youth w/o SAF,36
2021-05,Train,Day Pass without SAF,690
2021-05,Train,Employee,243732
2021-05,Train,Free Travel,22989
2021-05,Train,School Student,1070994
2021-05,Train,Senior/Pensioner,2196224
2021-05,Train,Sgl Trip Rail Adult,66707
2021-05,Train,Sgl Trip Rail Child/Youth,31491
2021-06,Bus,Adult,5480610
2021-06,Bus,Adult Single Bus Trip 1,66
2021-06,Bus,Adult Single Bus Trip 2,28
2021-06,Bus,Adult Single Bus Trip 3,13
2021-06,Bus,CTP,2814237
2021-06,Bus,Child/Youth,570279
2021-06,Bus,Child/Youth Single Bus Trip 1,3
2021-06,Bus,Child/Youth Single Bus Trip 2,1
2021-06,Bus,Child/Youth Single Bus Trip 3,2
2021-06,Bus,Concession,682886
2021-06,Bus,Day Pass Child/Youth w/o SAF,8
2021-06,Bus,Day Pass without SAF,595
2021-06,Bus,Employee,44912
2021-06,Bus,Free Travel,24437
2021-06,Bus,On Demand,18803
2021-06,Bus,School Student,1404565
2021-06,Bus,Senior/Pensioner,2817884
2021-06,Ferry,Adult,185678
2021-06,Ferry,CTP,141456
2021-06,Ferry,Child/Youth,26586
2021-06,Ferry,Concession,10512
2021-06,Ferry,Day Pass Child/Youth w/o SAF,192
2021-06,Ferry,Day Pass without SAF,4
2021-06,Ferry,Employee,2662
2021-06,Ferry,Free Travel,1268
2021-06,Ferry,School Student,6187
2021-06,Ferry,Senior/Pensioner,103636
2021-06,Ferry,Sgl Trip Ferry Adult,5169
2021-06,Ferry,Sgl Trip Ferry Child/Youth,3029
2021-06,Light rail,Adult,736205
2021-06,Light rail,CTP,429108
2021-06,Light rail,Child/Youth,46986
2021-06,Light rail,Concession,181712
2021-06,Light rail,Day Pass without SAF,17
2021-06,Light rail,Employee,5312
2021-06,Light rail,Free Travel,2067
2021-06,Light rail,School Student,30742
2021-06,Light rail,Senior/Pensioner,238740
2021-06,Light rail,Sgl Trip LR Adult,1127
2021-06,Light rail,Sgl Trip LR Child/Youth,685
2021-06,Metro,Adult,617927
2021-06,Metro,CTP,246817
2021-06,Metro,Child/Youth,55744
2021-06,Metro,Concession,104679
2021-06,Metro,Day Pass without SAF,5
2021-06,Metro,Employee,6129
2021-06,Metro,Free Travel,1070
2021-06,Metro,School Student,94870
2021-06,Metro,Senior/Pensioner,89799
2021-06,Metro,Sgl Trip Rail Adult,2213
2021-06,Metro,Sgl Trip Rail Child/Youth,2771
2021-06,Train,Adult,9207753
2021-06,Train,CTP,3730766
2021-06,Train,Child/Youth,432363
2021-06,Train,Concession,902120
2021-06,Train,Day Pass Child/Youth w/o SAF,10
2021-06,Train,Day Pass without SAF,656
2021-06,Train,Employee,174401
2021-06,Train,Free Travel,18227
2021-06,Train,School Student,834277
2021-06,Train,Senior/Pensioner,1818996
2021-06,Train,Sgl Trip Rail Adult,47869
2021-06,Train,Sgl Trip Rail Child/Youth,26038
2021-07,Bus,Adult,2299880
2021-07,Bus,Adult Single Bus Trip 1,56
2021-07,Bus,Adult Single Bus Trip 2,25
2021-07,Bus,Adult Single Bus Trip 3,11
2021-07,Bus,CTP,1083341
2021-07,Bus,Child/Youth,167037
2021-07,Bus,Child/Youth Single Bus Trip 1,1
2021-07,Bus,Child/Youth Single Bus Trip 2,1
2021-07,Bus,Concession,179630
2021-07,Bus,Day Pass without SAF,386
2021-07,Bus,Employee,20412
2021-07,Bus,Free Travel,10140
2021-07,Bus,On Demand,9478
2021-07,Bus,School Student,74866
2021-07,Bus,Senior/Pensioner,1261330
2021-07,Ferry,Adult,30457
2021-07,Ferry,CTP,25112
2021-07,Ferry,Child/Youth,3759
2021-07,Ferry,Concession,1684
2021-07,Ferry,Day Pass without SAF,4
2021-07,Ferry,Employee,734
2021-07,Ferry,Free Travel,353
2021-07,Ferry,School Student,703
2021-07,Ferry,Senior/Pensioner,17700
2021-07,Ferry,Sgl Trip Ferry Adult,196
2021-07,Ferry,Sgl Trip Ferry Child/Youth,185
2021-07,Light rail,Adult,186420
2021-07,Light rail,CTP,89160
2021-07,Light rail,Child/Youth,6128
2021-07,Light rail,Concession,14281
2021-07,Light rail,Day Pass without SAF,8
2021-07,Light rail,Employee,1630
2021-07,Light rail,Free Travel,550
2021-07,Light rail,School Student,1199
2021-07,Light rail,Senior/Pensioner,51834
2021-07,Light rail,Sgl Trip LR Adult,154
2021-07,Light rail,Sgl Trip LR Child/Youth,127
2021-07,Metro,Adult,179849
2021-07,Metro,CTP,62260
2021-07,Metro,Child/Youth,5913
2021-07,Metro,Concession,17652
2021-07,Metro,Day Pass without SAF,2
2021-07,Metro,Employee,2308
2021-07,Metro,Free Travel,191
2021-07,Metro,School Student,616
2021-07,Metro,Senior/Pensioner,18309
2021-07,Metro,Sgl Trip Rail Adult,455
2021-07,Metro,Sgl Trip Rail Child/Youth,640
2021-07,Train,Adult,3303530
2021-07,Train,CTP,1055844
2021-07,Train,Child/Youth,66913
2021-07,Train,Concession,171887
2021-07,Train,Day Pass without SAF,386
2021-07,Train,Employee,90532
2021-07,Train,Free Travel,5093
2021-07,Train,School Student,13373
2021-07,Train,Senior/Pensioner,542932
2021-07,Train,Sgl Trip Rail Adult,10479
2021-07,Train,Sgl Trip Rail Child/Youth,7864
2021-08,Bus,Adult,1945211
2021-08,Bus,Adult Single Bus Trip 1,62
2021-08,Bus,Adult Single Bus Trip 2,29
2021-08,Bus,Adult Single Bus Trip 3,9
2021-08,Bus,CTP,949416
2021-08,Bus,Child/Youth,100445
2021-08,Bus,Child/Youth Single Bus Trip 1,1
2021-08,Bus,Concession,129968
2021-08,Bus,Day Pass Child/Youth w/o SAF,4
2021-08,Bus,Day Pass without SAF,405
2021-08,Bus,Employee,17777
2021-08,Bus,Free Travel,8885
2021-08,Bus,On Demand,6463
2021-08,Bus,School Student,48228
2021-08,Bus,Senior/Pensioner,1080294
2021-08,Ferry,Adult,22078
2021-08,Ferry,CTP,20015
2021-08,Ferry,Child/Youth,1563
2021-08,Ferry,Concession,951
2021-08,Ferry,Day Pass without SAF,3
2021-08,Ferry,Employee,739
2021-08,Ferry,Free Travel,169
2021-08,Ferry,School Student,321
2021-08,Ferry,Senior/Pensioner,13459
2021-08,Ferry,Sgl Trip Ferry Adult,172
2021-08,Ferry,Sgl Trip Ferry Child/Youth,148
2021-08,Light rail,Adult,153727
2021-08,Light rail,CTP,75088
2021-08,Light rail,Child/Youth,2399
2021-08,Light rail,Concession,9962
2021-08,Light rail,Day Pass without SAF,12
2021-08,Light rail,Employee,1411
2021-08,Light rail,Free Travel,401
2021-08,Light rail,School Student,604
2021-08,Light rail,Senior/Pensioner,42738
2021-08,Light rail,Sgl Trip LR Adult,72
2021-08,Light rail,Sgl Trip LR Child/Youth,52
2021-08,Metro,Adult,132635
2021-08,Metro,CTP,44113
2021-08,Metro,Child/Youth,3023
2021-08,Metro,Concession,11687
2021-08,Metro,Day Pass without SAF,4
2021-08,Metro,Employee,1519
2021-08,Metro,Free Travel,128
2021-08,Metro,School Student,705
2021-08,Metro,Senior/Pensioner,13021
2021-08,Metro,Sgl Trip Rail Adult,276
2021-08,Metro,Sgl Trip Rail Child/Youth,507
2021-08,Train,Adult,2672862
2021-08,Train,CTP,902288
2021-08,Train,Child/Youth,38935
2021-08,Train,Concession,122594
2021-08,Train,Day Pass Child/Youth w/o SAF,1
2021-08,Train,Day Pass without SAF,432
2021-08,Train,Employee,63791
2021-08,Train,Free Travel,4012
2021-08,Train,School Student,8871
2021-08,Train,Senior/Pensioner,419744
2021-08,Train,Sgl Trip Rail Adult,7516
2021-08,Train,Sgl Trip Rail Child/Youth,4843
2021-09,Bus,Adult,2026419
2021-09,Bus,Adult Single Bus Trip 1,47
2021-09,Bus,Adult Single Bus Trip 2,17
2021-09,Bus,Adult Single Bus Trip 3,8
2021-09,Bus,CTP,1072112
2021-09,Bus,Child/Youth,152734
2021-09,Bus,Child/Youth Single Bus Trip 1,1
2021-09,Bus,Concession,134804
2021-09,Bus,Day Pass Child/Youth w/o SAF,6
2021-09,Bus,Day Pass without SAF,424
2021-09,Bus,Employee,21387
2021-09,Bus,Free Travel,9912
2021-09,Bus,On Demand,7547
2021-09,Bus,School Student,21891
2021-09,Bus,Senior/Pensioner,1209858
2021-09,Ferry,Adult,28620
2021-09,Ferry,CTP,26730
2021-09,Ferry,Child/Youth,4618
2021-09,Ferry,Concession,1114
2021-09,Ferry,Employee,876
2021-09,Ferry,Free Travel,272
2021-09,Ferry,School Student,115
2021-09,Ferry,Senior/Pensioner,19998
2021-09,Ferry,Sgl Trip Ferry Adult,214
2021-09,Ferry,Sgl Trip Ferry Child/Youth,367
2021-09,Light rail,Adult,181468
2021-09,Light rail,CTP,95276
2021-09,Light rail,Child/Youth,5447
2021-09,Light rail,Concession,11478
2021-09,Light rail,Day Pass without SAF,14
2021-09,Light rail,Employee,1728
2021-09,Light rail,Free Travel,509
2021-09,Light rail,School Student,264
2021-09,Light rail,Senior/Pensioner,53835
2021-09,Light rail,Sgl Trip LR Adult,77
2021-09,Light rail,Sgl Trip LR Child/Youth,67
2021-09,Metro,Adult,136617
2021-09,Metro,CTP,47090
2021-09,Metro,Child/Youth,4479
2021-09,Metro,Concession,11143
2021-09,Metro,Day Pass without SAF,7
2021-09,Metro,Employee,1147
2021-09,Metro,Free Travel,139
2021-09,Metro,School Student,478
2021-09,Metro,Senior/Pensioner,15393
2021-09,Metro,Sgl Trip Rail Adult,293
2021-09,Metro,Sgl Trip Rail Child/Youth,634
2021-09,Train,Adult,2823340
2021-09,Train,CTP,1010138
2021-09,Train,Child/Youth,62255
2021-09,Train,Concession,130994
2021-09,Train,Day Pass Child/Youth w/o SAF,6
2021-09,Train,Day Pass without SAF,393
2021-09,Train,Employee,63703
2021-09,Train,Free Travel,4688
2021-09,Train,School Student,4961
2021-09,Train,Senior/Pensioner,477776
2021-09,Train,Sgl Trip Rail Adult,8100
2021-09,Train,Sgl Trip Rail Child/Youth,5699
2021-10,Bus,Adult,3249805
2021-10,Bus,Adult Single Bus Trip 1,131
2021-10,Bus,Adult Single Bus Trip 2,51
2021-10,Bus,Adult Single Bus Trip 3,15
2021-10,Bus,CTP,1961145
2021-10,Bus,Child/Youth,381176
2021-10,Bus,Child/Youth Single Bus Trip 1,2
2021-10,Bus,Child/Youth Single Bus Trip 2,18
2021-10,Bus,Child/Youth Single Bus Trip 3,3
2021-10,Bus,Concession,314007
2021-10,Bus,Day Pass Child/Youth w/o SAF,2
2021-10,Bus,Day Pass without SAF,512
2021-10,Bus,Employee,35329
2021-10,Bus,Free Travel,16626
2021-10,Bus,On Demand,12369
2021-10,Bus,School Student,460443
2021-10,Bus,Senior/Pensioner,1967905
2021-10,Ferry,Adult,112548
2021-10,Ferry,CTP,109228
2021-10,Ferry,Child/Youth,21759
2021-10,Ferry,Concession,7215
2021-10,Ferry,Day Pass without SAF,2
2021-10,Ferry,Employee,2394
2021-10,Ferry,Free Travel,880
2021-10,Ferry,School Student,2953
2021-10,Ferry,Senior/Pensioner,71248
2021-10,Ferry,Sgl Trip Ferry Adult,2157
2021-10,Ferry,Sgl Trip Ferry Child/Youth,2099
2021-10,Light rail,Adult,372123
2021-10,Light rail,CTP,255765
2021-10,Light rail,Child/Youth,25393
2021-10,Light rail,Concession,43886
2021-10,Light rail,Day Pass Child/Youth w/o SAF,1
2021-10,Light rail,Day Pass without SAF,29
2021-10,Light rail,Employee,3691
2021-10,Light rail,Free Travel,1076
2021-10,Light rail,School Student,11144
2021-10,Light rail,Senior/Pensioner,131606
2021-10,Light rail,Sgl Trip LR Adult,385
2021-10,Light rail,Sgl Trip LR Child/Youth,303
2021-10,Metro,Adult,280790
2021-10,Metro,CTP,136772
2021-10,Metro,Child/Youth,36456
2021-10,Metro,Concession,44037
2021-10,Metro,Day Pass without SAF,4
2021-10,Metro,Employee,3504
2021-10,Metro,Free Travel,569
2021-10,Metro,School Student,28833
2021-10,Metro,Senior/Pensioner,48030
2021-10,Metro,Sgl Trip Rail Adult,1249
2021-10,Metro,Sgl Trip Rail Child/Youth,1933
2021-10,Train,Adult,4898487
2021-10,Train,CTP,2257721
2021-10,Train,Child/Youth,268070
2021-10,Train,Concession,377617
2021-10,Train,Day Pass Child/Youth w/o SAF,6
2021-10,Train,Day Pass without SAF,476
2021-10,Train,Employee,116346
2021-10,Train,Free Travel,10412
2021-10,Train,School Student,245858
2021-10,Train,Senior/Pensioner,1045123
2021-10,Train,Sgl Trip Rail Adult,20147
2021-10,Train,Sgl Trip Rail Child/Youth,16303
2021-11,Bus,Adult,4475868
2021-11,Bus,Adult Single Bus Trip 1,93
2021-11,Bus,Adult Single Bus Trip 2,34
2021-11,Bus,Adult Single Bus Trip 3,10
2021-11,Bus,CTP,2702675
2021-11,Bus,Child/Youth,519653
2021-11,Bus,Child/Youth Single Bus Trip 2,3
2021-11,Bus,Concession,479864
2021-11,Bus,Day Pass Child/Youth w/o SAF,3
2021-11,Bus,Day Pass without SAF,528
2021-11,Bus,Employee,47652
2021-11,Bus,Free Travel,22062
2021-11,Bus,On Demand,17583
2021-11,Bus,School Student,1582582
2021-11,Bus,Senior/Pensioner,2587962
2021-11,Ferry,Adult,149851
2021-11,Ferry,CTP,145215
2021-11,Ferry,Child/Youth,19692
2021-11,Ferry,Concession,8697
2021-11,Ferry,Day Pass without SAF,2
2021-11,Ferry,Employee,2839
2021-11,Ferry,Free Travel,1169
2021-11,Ferry,School Student,8679
2021-11,Ferry,Senior/Pensioner,98389
2021-11,Ferry,Sgl Trip Ferry Adult,4208
2021-11,Ferry,Sgl Trip Ferry Child/Youth,2455
2021-11,Light rail,Adult,436404
2021-11,Light rail,CTP,318933
2021-11,Light rail,Child/Youth,22022
2021-11,Light rail,Concession,61425
2021-11,Light rail,Day Pass Child/Youth w/o SAF,5
2021-11,Light rail,Day Pass without SAF,17
2021-11,Light rail,Employee,4282
2021-11,Light rail,Free Travel,1292
2021-11,Light rail,School Student,25205
2021-11,Light rail,Senior/Pensioner,150267
2021-11,Light rail,Sgl Trip LR Adult,494
2021-11,Light rail,Sgl Trip LR Child/Youth,293
2021-11,Metro,Adult,452954
2021-11,Metro,CTP,216940
2021-11,Metro,Child/Youth,55977
2021-11,Metro,Concession,72774
2021-11,Metro,Day Pass without SAF,5
2021-11,Metro,Employee,5866
2021-11,Metro,Free Travel,967
2021-11,Metro,School Student,116422
2021-11,Metro,Senior/Pensioner,81250
2021-11,Metro,Sgl Trip Rail Adult,2200
2021-11,Metro,Sgl Trip Rail Child/Youth,2666
2021-11,Train,Adult,7240864
2021-11,Train,CTP,3480234
2021-11,Train,Child/Youth,385203
2021-11,Train,Concession,625489
2021-11,Train,Day Pass Child/Youth w/o SAF,11
2021-11,Train,Day Pass without SAF,507
2021-11,Train,Employee,176091
2021-11,Train,Free Travel,16182
2021-11,Train,School Student,947788
2021-11,Train,Senior/Pensioner,1631839
2021-11,Train,Sgl Trip Rail Adult,41254
2021-11,Train,Sgl Trip Rail Child/Youth,22923
2021-12,Bus,Adult,4224733
2021-12,Bus,Adult Single Bus Trip 1,124
2021-12,Bus,Adult Single Bus Trip 2,44
2021-12,Bus,Adult Single Bus Trip 3,19
2021-12,Bus,CTP,2631049
2021-12,Bus,Child/Youth,637255
2021-12,Bus,Child/Youth Single Bus Trip 1,1
2021-12,Bus,Child/Youth Single Bus Trip 2,2
2021-12,Bus,Concession,471774
2021-12,Bus,Day Pass Child/Youth w/o SAF,21
2021-12,Bus,Day Pass without SAF,604
2021-12,Bus,Employee,47570
2021-12,Bus,Free Travel,21412
2021-12,Bus,On Demand,18475
2021-12,Bus,School Student,603437
2021-12,Bus,Senior/Pensioner,2490492
2021-12,Ferry,Adult,209567
2021-12,Ferry,CTP,217890
2021-12,Ferry,Child/Youth,52941
2021-12,Ferry,Concession,12388
2021-12,Ferry,Day Pass Child/Youth w/o SAF,7
2021-12,Ferry,Day Pass without SAF,48
2021-12,Ferry,Employee,3825
2021-12,Ferry,Free Travel,1331
2021-12,Ferry,School Student,5125
2021-12,Ferry,Senior/Pensioner,107297
2021-12,Ferry,Sgl Trip Ferry Adult,12391
2021-12,Ferry,Sgl Trip Ferry Child/Youth,9570
2021-12,Light rail,Adult,567365
2021-12,Light rail,CTP,403722
2021-12,Light rail,Child/Youth,54227
2021-12,Light rail,Concession,68888
2021-12,Light rail,Day Pass Child/Youth w/o SAF,3
2021-12,Light rail,Day Pass without SAF,40
2021-12,Light rail,Employee,5869
2021-12,Light rail,Free Travel,1851
2021-12,Light rail,School Student,14805
2021-12,Light rail,Senior/Pensioner,187658
2021-12,Light rail,Sgl Trip LR Adult,1140
2021-12,Light rail,Sgl Trip LR Child/Youth,855
2021-12,Metro,Adult,468401
2021-12,Metro,CTP,244548
2021-12,Metro,Child/Youth,89830
2021-12,Metro,Concession,79637
2021-12,Metro,Day Pass without SAF,13
2021-12,Metro,Employee,6606
2021-12,Metro,Free Travel,899
2021-12,Metro,School Student,55544
2021-12,Metro,Senior/Pensioner,79251
2021-12,Metro,Sgl Trip Rail Adult,3228
2021-12,Metro,Sgl Trip Rail Child/Youth,4165
2021-12,Train,Adult,6944384
2021-12,Train,CTP,3497237
2021-12,Train,Child/Youth,562600
2021-12,Train,Concession,639846
2021-12,Train,Day Pass Child/Youth w/o SAF,14
2021-12,Train,Day Pass without SAF,601
2021-12,Train,Employee,176929
2021-12,Train,Free Travel,15046
2021-12,Train,School Student,387366
2021-12,Train,Senior/Pensioner,1586825
2021-12,Train,Sgl Trip Rail Adult,55444
2021-12,Train,Sgl Trip Rail Child/Youth,34888
2022-01,Bus,Adult,3280150
2022-01,Bus,Adult Single Bus Trip 1,93
2022-01,Bus,Adult Single Bus Trip 2,21
2022-01,Bus,Adult Single Bus Trip 3,14
2022-01,Bus,CTP,2088109
2022-01,Bus,Child/Youth,552340
2022-01,Bus,Child/Youth Single Bus Trip 1,2
2022-01,Bus,Child/Youth Single Bus Trip 2,1
2022-01,Bus,Concession,332743
2022-01,Bus,Day Pass Child/Youth w/o SAF,9
2022-01,Bus,Day Pass without SAF,437
2022-01,Bus,Employee,37542
2022-01,Bus,Free Travel,16557
2022-01,Bus,On Demand,15290
2022-01,Bus,School Student,23011
2022-01,Bus,Senior/Pensioner,1915765
2022-01,Ferry,Adult,201854
2022-01,Ferry,CTP,211482
2022-01,Ferry,Child/Youth,70512
2022-01,Ferry,Concession,10798
2022-01,Ferry,Day Pass Child/Youth w/o SAF,2
2022-01,Ferry,Day Pass without SAF,8
2022-01,Ferry,Employee,4167
2022-01,Ferry,Free Travel,1295
2022-01,Ferry,School Student,584
2022-01,Ferry,Senior/Pensioner,96703
2022-01,Ferry,Sgl Trip Ferry Adult,15507
2022-01,Ferry,Sgl Trip Ferry Child/Youth,13836
2022-01,Light rail,Adult,451366
2022-01,Light rail,CTP,312879
2022-01,Light rail,Child/Youth,55106
2022-01,Light rail,Concession,45876
2022-01,Light rail,Day Pass Child/Youth w/o SAF,1
2022-01,Light rail,Day Pass without SAF,26
2022-01,Light rail,Employee,4664
2022-01,Light rail,Free Travel,1471
2022-01,Light rail,School Student,793
2022-01,Light rail,Senior/Pensioner,143982
2022-01,Light rail,Sgl Trip LR Adult,1067
2022-01,Light rail,Sgl Trip LR Child/Youth,873
2022-01,Metro,Adult,303258
2022-01,Metro,CTP,161355
2022-01,Metro,Child/Youth,72529
2022-01,Metro,Concession,50098
2022-01,Metro,Day Pass without SAF,5
2022-01,Metro,Employee,4492
2022-01,Metro,Free Travel,620
2022-01,Metro,School Student,2758
2022-01,Metro,Senior/Pensioner,48621
2022-01,Metro,Sgl Trip Rail Adult,1974
2022-01,Metro,Sgl Trip Rail Child/Youth,3432
2022-01,Train,Adult,5176801
2022-01,Train,CTP,2554131
2022-01,Train,Child/Youth,505128
2022-01,Train,Concession,429252
2022-01,Train,Day Pass Child/Youth w/o SAF,5
2022-01,Train,Day Pass without SAF,574
2022-01,Train,Employee,139527
2022-01,Train,Free Travel,10852
2022-01,Train,School Student,18336
2022-01,Train,Senior/Pensioner,1149408
2022-01,Train,Sgl Trip Rail Adult,40368
2022-01,Train,Sgl Trip Rail Child/Youth,32074
2022-02,Bus,Adult,4244808
2022-02,Bus,Adult Single Bus Trip 1,73
2022-02,Bus,Adult Single Bus Trip 2,28
2022-02,Bus,Adult Single Bus Trip 3,7
2022-02,Bus,CTP,2739591
2022-02,Bus,Child/Youth,562929
2022-02,Bus,Child/Youth Single Bus Trip 1,1
2022-02,Bus,Child/Youth Single Bus Trip 2,3
2022-02,Bus,Concession,566350
2022-02,Bus,Day Pass without SAF,389
2022-02,Bus,Employee,44817
2022-02,Bus,Free Travel,20091
2022-02,Bus,On Demand,18034
2022-02,Bus,School Student,1483705
2022-02,Bus,Senior/Pensioner,2280735
2022-02,Ferry,Adult,173621
2022-02,Ferry,CTP,184821
2022-02,Ferry,Child/Youth,23157
2022-02,Ferry,Concession,12268
2022-02,Ferry,Day Pass without SAF,4
2022-02,Ferry,Employee,3539
2022-02,Ferry,Free Travel,1061
2022-02,Ferry,School Student,9522
2022-02,Ferry,Senior/Pensioner,99494
2022-02,Ferry,Sgl Trip Ferry Adult,7854
2022-02,Ferry,Sgl Trip Ferry Child/Youth,3791
2022-02,Light rail,Adult,553409
2022-02,Light rail,CTP,400830
2022-02,Light rail,Child/Youth,51964
2022-02,Light rail,Concession,140277
2022-02,Light rail,Day Pass without SAF,15
2022-02,Light rail,Employee,4984
2022-02,Light rail,Free Travel,1776
2022-02,Light rail,School Student,35281
2022-02,Light rail,Senior/Pensioner,180145
2022-02,Light rail,Sgl Trip LR Adult,991
2022-02,Light rail,Sgl Trip LR Child/Youth,415
2022-02,Metro,Adult,392103
2022-02,Metro,CTP,208243
2022-02,Metro,Child/Youth,69520
2022-02,Metro,Concession,90031
2022-02,Metro,Day Pass without SAF,3
2022-02,Metro,Employee,5587
2022-02,Metro,Free Travel,815
2022-02,Metro,School Student,107578
2022-02,Metro,Senior/Pensioner,62320
2022-02,Metro,Sgl Trip Rail Adult,2142
2022-02,Metro,Sgl Trip Rail Child/Youth,2430
2022-02,Train,Adult,6040182
2022-02,Train,CTP,3131179
2022-02,Train,Child/Youth,446173
2022-02,Train,Concession,707095
2022-02,Train,Day Pass Child/Youth w/o SAF,2
2022-02,Train,Day Pass without SAF,497
2022-02,Train,Employee,151437
2022-02,Train,Free Travel,13427
2022-02,Train,School Student,851333
2022-02,Train,Senior/Pensioner,1318743
2022-02,Train,Sgl Trip Rail Adult,44855
2022-02,Train,Sgl Trip Rail Child/Youth,23762
2022-03,Bus,Adult,5275005
2022-03,Bus,Adult Single Bus Trip 1,104
2022-03,Bus,Adult Single Bus Trip 2,38
2022-03,Bus,Adult Single Bus Trip 3,14
2022-03,Bus,CTP,3460409
2022-03,Bus,Child/Youth,542260
2022-03,Bus,Child/Youth Single Bus Trip 1,3
2022-03,Bus,Concession,896181
2022-03,Bus,Day Pass Child/Youth w/o SAF,18
2022-03,Bus,Day Pass without SAF,503
2022-03,Bus,Employee,52935
2022-03,Bus,Free Travel,23571
2022-03,Bus,On Demand,21147
2022-03,Bus,School Student,1469333
2022-03,Bus,Senior/Pensioner,2664934
2022-03,Ferry,Adult,215463
2022-03,Ferry,CTP,236344
2022-03,Ferry,Child/Youth,31567
2022-03,Ferry,Concession,15266
2022-03,Ferry,Day Pass without SAF,5
2022-03,Ferry,Employee,3318
2022-03,Ferry,Free Travel,1222
2022-03,Ferry,School Student,9308
2022-03,Ferry,Senior/Pensioner,108081
2022-03,Ferry,Sgl Trip Ferry Adult,11094
2022-03,Ferry,Sgl Trip Ferry Child/Youth,5201
2022-03,Light rail,Adult,788385
2022-03,Light rail,CTP,589751
2022-03,Light rail,Child/Youth,56517
2022-03,Light rail,Concession,226808
2022-03,Light rail,Day Pass without SAF,21
2022-03,Light rail,Employee,6799
2022-03,Light rail,Free Travel,2527
2022-03,Light rail,School Student,36097
2022-03,Light rail,Senior/Pensioner,266341
2022-03,Light rail,Sgl Trip LR Adult,1576
2022-03,Light rail,Sgl Trip LR Child/Youth,671
2022-03,Metro,Adult,545201
2022-03,Metro,CTP,298153
2022-03,Metro,Child/Youth,70762
2022-03,Metro,Concession,184842
2022-03,Metro,Day Pass without SAF,5
2022-03,Metro,Employee,7699
2022-03,Metro,Free Travel,979
2022-03,Metro,School Student,123529
2022-03,Metro,Senior/Pensioner,80905
2022-03,Metro,Sgl Trip Rail Adult,3164
2022-03,Metro,Sgl Trip Rail Child/Youth,3428
2022-03,Train,Adult,7671085
2022-03,Train,CTP,4111466
2022-03,Train,Child/Youth,420388
2022-03,Train,Concession,1170947
2022-03,Train,Day Pass Child/Youth w/o SAF,2
2022-03,Train,Day Pass without SAF,529
2022-03,Train,Employee,189739
2022-03,Train,Free Travel,16367
2022-03,Train,School Student,911751
2022-03,Train,Senior/Pensioner,1614839
2022-03,Train,Sgl Trip Rail Adult,62264
2022-03,Train,Sgl Trip Rail Child/Youth,26392
2022-04,Bus,Adult,5006854
2022-04,Bus,Adult Single Bus Trip 1,149
2022-04,Bus,Adult Single Bus Trip 2,109
2022-04,Bus,Adult Single Bus Trip 3,148
2022-04,Bus,CTP,3146796
2022-04,Bus,Child/Youth,663096
2022-04,Bus,Child/Youth Single Bus Trip 1,12
2022-04,Bus,Child/Youth Single Bus Trip 2,3
2022-04,Bus,Concession,647357
2022-04,Bus,Day Pass Child/Youth w/o SAF,6
2022-04,Bus,Day Pass without SAF,367
2022-04,Bus,Employee,45399
2022-04,Bus,Free Travel,20971
2022-04,Bus,On Demand,19661
2022-04,Bus,School Student,574559
2022-04,Bus,Senior/Pensioner,2488231
2022-04,Ferry,Adult,424839
2022-04,Ferry,CTP,352454
2022-04,Ferry,Child/Youth,120905
2022-04,Ferry,Concession,18312
2022-04,Ferry,Day Pass Child/Youth w/o SAF,63
2022-04,Ferry,Day Pass without SAF,28
2022-04,Ferry,Employee,3903
2022-04,Ferry,Free Travel,1305
2022-04,Ferry,School Student,3866
2022-04,Ferry,Senior/Pensioner,141577
2022-04,Ferry,Sgl Trip Ferry Adult,12096
2022-04,Ferry,Sgl Trip Ferry Child/Youth,8094
2022-04,Light rail,Adult,951394
2022-04,Light rail,CTP,615146
2022-04,Light rail,Child/Youth,125332
2022-04,Light rail,Concession,174463
2022-04,Light rail,Day Pass without SAF,6
2022-04,Light rail,Employee,6552
2022-04,Light rail,Free Travel,2358
2022-04,Light rail,School Student,13166
2022-04,Light rail,Senior/Pensioner,278917
2022-04,Light rail,Sgl Trip LR Adult,1659
2022-04,Light rail,Sgl Trip LR Child/Youth,896
2022-04,Metro,Adult,604787
2022-04,Metro,CTP,316827
2022-04,Metro,Child/Youth,126592
2022-04,Metro,Concession,124694
2022-04,Metro,Day Pass without SAF,2
2022-04,Metro,Employee,7373
2022-04,Metro,Free Travel,931
2022-04,Metro,School Student,53990
2022-04,Metro,Senior/Pensioner,96771
2022-04,Metro,Sgl Trip Rail Adult,2836
2022-04,Metro,Sgl Trip Rail Child/Youth,3682
2022-04,Train,Adult,8524511
2022-04,Train,CTP,4535313
2022-04,Train,Child/Youth,832396
2022-04,Train,Concession,953331
2022-04,Train,Day Pass Child/Youth w/o SAF,2
2022-04,Train,Day Pass without SAF,477
2022-04,Train,Employee,187612
2022-04,Train,Free Travel,16992
2022-04,Train,School Student,398546
2022-04,Train,Senior/Pensioner,1792395
2022-04,Train,Sgl Trip Rail Adult,59034
2022-04,Train,Sgl Trip Rail Child/Youth,31540
2022-05,Bus,Adult,5632116
2022-05,Bus,Adult Single Bus Trip 1,106
2022-05,Bus,Adult Single Bus Trip 2,34
2022-05,Bus,Adult Single Bus Trip 3,16
2022-05,Bus,CTP,3857044
2022-05,Bus,Child/Youth,550795
2022-05,Bus,Child/Youth Single Bus Trip 1,2
2022-05,Bus,Child/Youth Single Bus Trip 2,4
2022-05,Bus,Concession,756242
2022-05,Bus,Day Pass Child/Youth w/o SAF,17
2022-05,Bus,Day Pass without SAF,555
2022-05,Bus,Employee,54714
2022-05,Bus,Free Travel,25184
2022-05,Bus,On Demand,21803
2022-05,Bus,School Student,1453409
2022-05,Bus,Senior/Pensioner,2859536
2022-05,Ferry,Adult,285457
2022-05,Ferry,CTP,326216
2022-05,Ferry,Child/Youth,47597
2022-05,Ferry,Concession,15636
2022-05,Ferry,Day Pass without SAF,22
2022-05,Ferry,Employee,4405
2022-05,Ferry,Free Travel,1576
2022-05,Ferry,School Student,10250
2022-05,Ferry,Senior/Pensioner,140823
2022-05,Ferry,Sgl Trip Ferry Adult,16156
2022-05,Ferry,Sgl Trip Ferry Child/Youth,7719
2022-05,Light rail,Adult,941120
2022-05,Light rail,CTP,714401
2022-05,Light rail,Child/Youth,58003
2022-05,Light rail,Concession,147144
2022-05,Light rail,Day Pass without SAF,25
2022-05,Light rail,Employee,7314
2022-05,Light rail,Free Travel,2750
2022-05,Light rail,School Student,34231
2022-05,Light rail,Senior/Pensioner,306419
2022-05,Light rail,Sgl Trip LR Adult,2277
2022-05,Light rail,Sgl Trip LR Child/Youth,915
2022-05,Metro,Adult,682645
2022-05,Metro,CTP,386701
2022-05,Metro,Child/Youth,76054
2022-05,Metro,Concession,160565
2022-05,Metro,Day Pass without SAF,11
2022-05,Metro,Employee,9020
2022-05,Metro,Free Travel,1291
2022-05,Metro,School Student,132269
2022-05,Metro,Senior/Pensioner,106441
2022-05,Metro,Sgl Trip Rail Adult,4086
2022-05,Metro,Sgl Trip Rail Child/Youth,4230
2022-05,Train,Adult,9530862
2022-05,Train,CTP,5491488
2022-05,Train,Child/Youth,514081
2022-05,Train,Concession,1075324
2022-05,Train,Day Pass Child/Youth w/o SAF,62
2022-05,Train,Day Pass without SAF,579
2022-05,Train,Employee,221741
2022-05,Train,Free Travel,20779
2022-05,Train,School Student,1012990
2022-05,Train,Senior/Pensioner,2003021
2022-05,Train,Sgl Trip Rail Adult,81255
2022-05,Train,Sgl Trip Rail Child/Youth,34097
2022-06,Bus,Adult,5574794
2022-06,Bus,Adult Single Bus Trip 1,93
2022-06,Bus,Adult Single Bus Trip 2,39
2022-06,Bus,Adult Single Bus Trip 3,8
2022-06,Bus,CTP,3877626
2022-06,Bus,Child/Youth,568172
2022-06,Bus,Child/Youth Single Bus Trip 1,4
2022-06,Bus,Child/Youth Single Bus Trip 2,2
2022-06,Bus,Concession,663253
2022-06,Bus,Day Pass Child/Youth w/o SAF,15
2022-06,Bus,Day Pass without SAF,665
2022-06,Bus,Employee,55746
2022-06,Bus,Free Travel,25494
2022-06,Bus,On Demand,19223
2022-06,Bus,School Student,1333603
2022-06,Bus,Senior/Pensioner,2859395
2022-06,Ferry,Adult,346291
2022-06,Ferry,CTP,406455
2022-06,Ferry,Child/Youth,81404
2022-06,Ferry,Concession,18557
2022-06,Ferry,Day Pass without SAF,16
2022-06,Ferry,Employee,5103
2022-06,Ferry,Free Travel,1857
2022-06,Ferry,School Student,8959
2022-06,Ferry,Senior/Pensioner,170352
2022-06,Ferry,Sgl Trip Ferry Adult,23803
2022-06,Ferry,Sgl Trip Ferry Child/Youth,16354
2022-06,Light rail,Adult,974646
2022-06,Light rail,CTP,765968
2022-06,Light rail,Child/Youth,82612
2022-06,Light rail,Concession,238148
2022-06,Light rail,Day Pass without SAF,29
2022-06,Light rail,Employee,8092
2022-06,Light rail,Free Travel,2926
2022-06,Light rail,School Student,30928
2022-06,Light rail,Senior/Pensioner,337616
2022-06,Light rail,Sgl Trip LR Adult,2940
2022-06,Light rail,Sgl Trip LR Child/Youth,1753
2022-06,Metro,Adult,675361
2022-06,Metro,CTP,382184
2022-06,Metro,Child/Youth,87208
2022-06,Metro,Concession,113875
2022-06,Metro,Day Pass without SAF,5
2022-06,Metro,Employee,9548
2022-06,Metro,Free Travel,1147
2022-06,Metro,School Student,127005
2022-06,Metro,Senior/Pensioner,114975
2022-06,Metro,Sgl Trip Rail Adult,4440
2022-06,Metro,Sgl Trip Rail Child/Youth,5245
2022-06,Train,Adult,9599430
2022-06,Train,CTP,5787575
2022-06,Train,Child/Youth,658677
2022-06,Train,Concession,926877
2022-06,Train,Day Pass Child/Youth w/o SAF,196
2022-06,Train,Day Pass without SAF,752
2022-06,Train,Employee,223849
2022-06,Train,Free Travel,20476
2022-06,Train,School Student,928372
2022-06,Train,Senior/Pensioner,2065840
2022-06,Train,Sgl Trip Rail Adult,96650
2022-06,Train,Sgl Trip Rail Child/Youth,53636
2022-07,Bus,Adult,5385400
2022-07,Bus,Adult Single Bus Trip 1,85
2022-07,Bus,Adult Single Bus Trip 2,40
2022-07,Bus,Adult Single Bus Trip 3,18
2022-07,Bus,CTP,3838227
2022-07,Bus,Child/Youth,677145
2022-07,Bus,Child/Youth Single Bus Trip 1,1
2022-07,Bus,Child/Youth Single Bus Trip 3,1
2022-07,Bus,Concession,619503
2022-07,Bus,Day Pass Child/Youth w/o SAF,2
2022-07,Bus,Day Pass without SAF,591
2022-07,Bus,Employee,51073
2022-07,Bus,Free Travel,22670
2022-07,Bus,On Demand,18983
2022-07,Bus,School Student,649786
2022-07,Bus,Senior/Pensioner,2590620
2022-07,Ferry,Adult,257423
2022-07,Ferry,CTP,289461
2022-07,Ferry,Child/Youth,71905
2022-07,Ferry,Concession,12041
2022-07,Ferry,Day Pass without SAF,7
2022-07,Ferry,Employee,3361
2022-07,Ferry,Free Travel,1202
2022-07,Ferry,School Student,3722
2022-07,Ferry,Senior/Pensioner,104607
2022-07,Ferry,Sgl Trip Ferry Adult,21046
2022-07,Ferry,Sgl Trip Ferry Child/Youth,15127
2022-07,Light rail,Adult,941788
2022-07,Light rail,CTP,741452
2022-07,Light rail,Child/Youth,107183
2022-07,Light rail,Concession,191810
2022-07,Light rail,Day Pass Child/Youth w/o SAF,4
2022-07,Light rail,Day Pass without SAF,29
2022-07,Light rail,Employee,7201
2022-07,Light rail,Free Travel,2344
2022-07,Light rail,School Student,14828
2022-07,Light rail,Senior/Pensioner,275890
2022-07,Light rail,Sgl Trip LR Adult,3443
2022-07,Light rail,Sgl Trip LR Child/Youth,2392
2022-07,Metro,Adult,602643
2022-07,Metro,CTP,341982
2022-07,Metro,Child/Youth,113396
2022-07,Metro,Concession,102727
2022-07,Metro,Day Pass without SAF,8
2022-07,Metro,Employee,7928
2022-07,Metro,Free Travel,990
2022-07,Metro,School Student,64043
2022-07,Metro,Senior/Pensioner,94024
2022-07,Metro,Sgl Trip Rail Adult,3943
2022-07,Metro,Sgl Trip Rail Child/Youth,5458
2022-07,Train,Adult,8505857
2022-07,Train,CTP,5029629
2022-07,Train,Child/Youth,657340
2022-07,Train,Concession,821714
2022-07,Train,Day Pass Child/Youth w/o SAF,10
2022-07,Train,Day Pass without SAF,558
2022-07,Train,Employee,142520
2022-07,Train,Free Travel,16303
2022-07,Train,School Student,446561
2022-07,Train,Senior/Pensioner,1673035
2022-07,Train,Sgl Trip Rail Adult,78750
2022-07,Train,Sgl Trip Rail Child/Youth,46925
2022-08,Bus,Adult,6018740
2022-08,Bus,Adult Single Bus Trip 1,94
2022-08,Bus,Adult Single Bus Trip 2,52
2022-08,Bus,Adult Single Bus Trip 3,22
2022-08,Bus,CTP,4329612
2022-08,Bus,Child/Youth,556563
2022-08,Bus,Concession,898039
2022-08,Bus,Day Pass Child/Youth w/o SAF,9
2022-08,Bus,Day Pass without SAF,787
2022-08,Bus,Employee,55583
2022-08,Bus,Free Travel,26661
2022-08,Bus,On Demand,21070
2022-08,Bus,School Student,1558539
2022-08,Bus,Senior/Pensioner,2936059
2022-08,Ferry,Adult,294302
2022-08,Ferry,CTP,341515
2022-08,Ferry,Child/Youth,44986
2022-08,Ferry,Concession,16600
2022-08,Ferry,Day Pass without SAF,7
2022-08,Ferry,Employee,3470
2022-08,Ferry,Free Travel,1429
2022-08,Ferry,School Student,9400
2022-08,Ferry,Senior/Pensioner,137410
2022-08,Ferry,Sgl Trip Ferry Adult,21714
2022-08,Ferry,Sgl Trip Ferry Child/Youth,9912
2022-08,Light rail,Adult,982069
2022-08,Light rail,CTP,778397
2022-08,Light rail,Child/Youth,61505
2022-08,Light rail,Concession,172408
2022-08,Light rail,Day Pass Child/Youth w/o SAF,5
2022-08,Light rail,Day Pass without SAF,38
2022-08,Light rail,Employee,7555
2022-08,Light rail,Free Travel,2619
2022-08,Light rail,School Student,33868
2022-08,Light rail,Senior/Pensioner,307001
2022-08,Light rail,Sgl Trip LR Adult,3200
2022-08,Light rail,Sgl Trip LR Child/Youth,1261
2022-08,Metro,Adult,680455
2022-08,Metro,CTP,399797
2022-08,Metro,Child/Youth,68298
2022-08,Metro,Concession,186240
2022-08,Metro,Day Pass without SAF,3
2022-08,Metro,Employee,8780
2022-08,Metro,Free Travel,1041
2022-08,Metro,School Student,148403
2022-08,Metro,Senior/Pensioner,102663
2022-08,Metro,Sgl Trip Rail Adult,3449
2022-08,Metro,Sgl Trip Rail Child/Youth,3428
2022-08,Train,Adult,8832790
2022-08,Train,CTP,5206540
2022-08,Train,Child/Youth,416534
2022-08,Train,Concession,1138259
2022-08,Train,Day Pass Child/Youth w/o SAF,7
2022-08,Train,Day Pass without SAF,562
2022-08,Train,Employee,108228
2022-08,Train,Free Travel,15758
2022-08,Train,School Student,896023
2022-08,Train,Senior/Pensioner,1783567
2022-08,Train,Sgl Trip Rail Adult,68780
2022-08,Train,Sgl Trip Rail Child/Youth,24711
2022-09,Bus,Adult,5809458
2022-09,Bus,Adult Single Bus Trip 1,81
2022-09,Bus,Adult Single Bus Trip 2,48
2022-09,Bus,Adult Single Bus Trip 3,24
2022-09,Bus,CTP,4348438
2022-09,Bus,Child/Youth,623682
2022-09,Bus,Child/Youth Single Bus Trip 1,5
2022-09,Bus,Child/Youth Single Bus Trip 2,7
2022-09,Bus,Concession,747522
2022-09,Bus,Day Pass Child/Youth w/o SAF,6
2022-09,Bus,Day Pass without SAF,693
2022-09,Bus,Employee,53584
2022-09,Bus,Free Travel,24843
2022-09,Bus,On Demand,21062
2022-09,Bus,School Student,1050246
2022-09,Bus,Senior/Pensioner,2807482
2022-09,Ferry,Adult,302439
2022-09,Ferry,CTP,369608
2022-09,Ferry,Child/Youth,69066
2022-09,Ferry,Concession,14785
2022-09,Ferry,Day Pass Child/Youth w/o SAF,6
2022-09,Ferry,Day Pass without SAF,34
2022-09,Ferry,Employee,3624
2022-09,Ferry,Free Travel,1485
2022-09,Ferry,School Student,7475
2022-09,Ferry,Senior/Pensioner,135130
2022-09,Ferry,Sgl Trip Ferry Adult,24863
2022-09,Ferry,Sgl Trip Ferry Child/Youth,15116
2022-09,Light rail,Adult,1017785
2022-09,Light rail,CTP,839697
2022-09,Light rail,Child/Youth,91882
2022-09,Light rail,Concession,202936
2022-09,Light rail,Day Pass without SAF,19
2022-09,Light rail,Employee,7184
2022-09,Light rail,Free Travel,2657
2022-09,Light rail,School Student,26405
2022-09,Light rail,Senior/Pensioner,305705
2022-09,Light rail,Sgl Trip LR Adult,3426
2022-09,Light rail,Sgl Trip LR Child/Youth,1837
2022-09,Metro,Adult,660673
2022-09,Metro,CTP,397176
2022-09,Metro,Child/Youth,88386
2022-09,Metro,Concession,132959
2022-09,Metro,Day Pass without SAF,4
2022-09,Metro,Employee,7222
2022-09,Metro,Free Travel,922
2022-09,Metro,School Student,103633
2022-09,Metro,Senior/Pensioner,106598
2022-09,Metro,Sgl Trip Rail Adult,3587
2022-09,Metro,Sgl Trip Rail Child/Youth,3904
2022-09,Train,Adult,8976720
2022-09,Train,CTP,5584493
2022-09,Train,Child/Youth,563286
2022-09,Train,Concession,1010931
2022-09,Train,Day Pass Child/Youth w/o SAF,11
2022-09,Train,Day Pass without SAF,661
2022-09,Train,Employee,118894
2022-09,Train,Free Travel,16554
2022-09,Train,School Student,632981
2022-09,Train,Senior/Pensioner,1849464
2022-09,Train,Sgl Trip Rail Adult,76159
2022-09,Train,Sgl Trip Rail Child/Youth,34558
2022-10,Bus,Adult,6136773
2022-10,Bus,Adult Single Bus Trip 1,134
2022-10,Bus,Adult Single Bus Trip 2,42
2022-10,Bus,Adult Single Bus Trip 3,22
2022-10,Bus,CTP,4854953
2022-10,Bus,Child/Youth,683823
2022-10,Bus,Concession,774831
2022-10,Bus,Day Pass Child/Youth w/o SAF,18
2022-10,Bus,Day Pass without SAF,788
2022-10,Bus,Employee,56671
2022-10,Bus,Free Travel,26586
2022-10,Bus,On Demand,20702
2022-10,Bus,School Student,1066215
2022-10,Bus,Senior/Pensioner,2961033
2022-10,Ferry,Adult,325122
2022-10,Ferry,CTP,390884
2022-10,Ferry,Child/Youth,70259
2022-10,Ferry,Concession,13911
2022-10,Ferry,Day Pass Child/Youth w/o SAF,45
2022-10,Ferry,Day Pass without SAF,11
2022-10,Ferry,Employee,3867
2022-10,Ferry,Free Travel,1684
2022-10,Ferry,School Student,6787
2022-10,Ferry,Senior/Pensioner,149758
2022-10,Ferry,Sgl Trip Ferry Adult,27587
2022-10,Ferry,Sgl Trip Ferry Child/Youth,12306
2022-10,Light rail,Adult,1019352
2022-10,Light rail,CTP,920500
2022-10,Light rail,Child/Youth,85426
2022-10,Light rail,Concession,190739
2022-10,Light rail,Day Pass Child/Youth w/o SAF,45
2022-10,Light rail,Day Pass without SAF,40
2022-10,Light rail,Employee,7197
2022-10,Light rail,Free Travel,2675
2022-10,Light rail,School Student,20003
2022-10,Light rail,Senior/Pensioner,320637
2022-10,Light rail,Sgl Trip LR Adult,4414
2022-10,Light rail,Sgl Trip LR Child/Youth,1665
2022-10,Metro,Adult,642145
2022-10,Metro,CTP,408491
2022-10,Metro,Child/Youth,90128
2022-10,Metro,Concession,144844
2022-10,Metro,Day Pass without SAF,12
2022-10,Metro,Employee,8227
2022-10,Metro,Free Travel,1069
2022-10,Metro,School Student,104338
2022-10,Metro,Senior/Pensioner,109339
2022-10,Metro,Sgl Trip Rail Adult,3953
2022-10,Metro,Sgl Trip Rail Child/Youth,4472
2022-10,Train,Adult,9482179
2022-10,Train,CTP,6285173
2022-10,Train,Child/Youth,605550
2022-10,Train,Concession,1046116
2022-10,Train,Day Pass Child/Youth w/o SAF,72
2022-10,Train,Day Pass without SAF,713
2022-10,Train,Employee,132850
2022-10,Train,Free Travel,17974
2022-10,Train,School Student,661274
2022-10,Train,Senior/Pensioner,2046978
2022-10,Train,Sgl Trip Rail Adult,92735
2022-10,Train,Sgl Trip Rail Child/Youth,38905
2022-11,Bus,Adult,6474148
2022-11,Bus,Adult Single Bus Trip 1,91
2022-11,Bus,Adult Single Bus Trip 2,36
2022-11,Bus,Adult Single Bus Trip 3,22
2022-11,Bus,CTP,5249541
2022-11,Bus,Child/Youth,627975
2022-11,Bus,Child/Youth Single Bus Trip 1,1
2022-11,Bus,Child/Youth Single Bus Trip 2,3
2022-11,Bus,Child/Youth Single Bus Trip 3,1
2022-11,Bus,Concession,683684
2022-11,Bus,Day Pass Child/Youth w/o SAF,11
2022-11,Bus,Day Pass without SAF,846
2022-11,Bus,Employee,60203
2022-11,Bus,Free Travel,29299
2022-11,Bus,On Demand,21311
2022-11,Bus,School Student,1430322
2022-11,Bus,Senior/Pensioner,3198927
2022-11,Ferry,Adult,371568
2022-11,Ferry,CTP,488778
2022-11,Ferry,Child/Youth,54727
2022-11,Ferry,Concession,16325
2022-11,Ferry,Day Pass Child/Youth w/o SAF,69
2022-11,Ferry,Day Pass without SAF,21
2022-11,Ferry,Employee,4163
2022-11,Ferry,Free Travel,1842
2022-11,Ferry,School Student,10021
2022-11,Ferry,Senior/Pensioner,172226
2022-11,Ferry,Sgl Trip Ferry Adult,31619
2022-11,Ferry,Sgl Trip Ferry Child/Youth,8872
2022-11,Light rail,Adult,1063223
2022-11,Light rail,CTP,956717
2022-11,Light rail,Child/Youth,66409
2022-11,Light rail,Concession,183694
2022-11,Light rail,Day Pass Child/Youth w/o SAF,2
2022-11,Light rail,Day Pass without SAF,44
2022-11,Light rail,Employee,7874
2022-11,Light rail,Free Travel,2913
2022-11,Light rail,School Student,28666
2022-11,Light rail,Senior/Pensioner,331749
2022-11,Light rail,Sgl Trip LR Adult,3875
2022-11,Light rail,Sgl Trip LR Child/Youth,967
2022-11,Metro,Adult,604879
2022-11,Metro,CTP,386998
2022-11,Metro,Child/Youth,74878
2022-11,Metro,Concession,96744
2022-11,Metro,Day Pass without SAF,11
2022-11,Metro,Employee,7755
2022-11,Metro,Free Travel,930
2022-11,Metro,School Student,112233
2022-11,Metro,Senior/Pensioner,104597
2022-11,Metro,Sgl Trip Rail Adult,4073
2022-11,Metro,Sgl Trip Rail Child/Youth,3742
2022-11,Train,Adult,8160819
2022-11,Train,CTP,5503863
2022-11,Train,Child/Youth,443403
2022-11,Train,Concession,706517
2022-11,Train,Day Pass Child/Youth w/o SAF,137
2022-11,Train,Day Pass without SAF,629
2022-11,Train,Employee,120096
2022-11,Train,Free Travel,16005
2022-11,Train,School Student,684882
2022-11,Train,Senior/Pensioner,1762103
2022-11,Train,Sgl Trip Rail Adult,81731
2022-11,Train,Sgl Trip Rail Child/Youth,25125
2022-12,Bus,Adult,6005060
2022-12,Bus,Adult Single Bus Trip 1,89
2022-12,Bus,Adult Single Bus Trip 2,26
2022-12,Bus,Adult Single Bus Trip 3,23
2022-12,Bus,CTP,5154068
2022-12,Bus,Child/Youth,779633
2022-12,Bus,Child/Youth Single Bus Trip 1,2
2022-12,Bus,Child/Youth Single Bus Trip 2,1
2022-12,Bus,Concession,540844
2022-12,Bus,Day Pass Child/Youth w/o SAF,76
2022-12,Bus,Day Pass without SAF,875
2022-12,Bus,Employee,57600
2022-12,Bus,Free Travel,27112
2022-12,Bus,On Demand,19991
2022-12,Bus,School Student,609216
2022-12,Bus,Senior/Pensioner,3033997
2022-12,Ferry,Adult,429176
2022-12,Ferry,CTP,566889
2022-12,Ferry,Child/Youth,103735
2022-12,Ferry,Concession,17670
2022-12,Ferry,Day Pass Child/Youth w/o SAF,99
2022-12,Ferry,Day Pass without SAF,27
2022-12,Ferry,Employee,4430
2022-12,Ferry,Free Travel,1886
2022-12,Ferry,School Student,5633
2022-12,Ferry,Senior/Pensioner,168663
2022-12,Ferry,Sgl Trip Ferry Adult,40557
2022-12,Ferry,Sgl Trip Ferry Child/Youth,22256
2022-12,Light rail,Adult,1158784
2022-12,Light rail,CTP,1053040
2022-12,Light rail,Child/Youth,129748
2022-12,Light rail,Concession,102961
2022-12,Light rail,Day Pass Child/Youth w/o SAF,195
2022-12,Light rail,Day Pass without SAF,73
2022-12,Light rail,Employee,8923
2022-12,Light rail,Free Travel,2934
2022-12,Light rail,School Student,14245
2022-12,Light rail,Senior/Pensioner,354456
2022-12,Light rail,Sgl Trip LR Adult,5591
2022-12,Light rail,Sgl Trip LR Child/Youth,3115
2022-12,Metro,Adult,674886
2022-12,Metro,CTP,467954
2022-12,Metro,Child/Youth,126355
2022-12,Metro,Concession,90333
2022-12,Metro,Day Pass without SAF,13
2022-12,Metro,Employee,9087
2022-12,Metro,Free Travel,1212
2022-12,Metro,School Student,65619
2022-12,Metro,Senior/Pensioner,127601
2022-12,Metro,Sgl Trip Rail Adult,6339
2022-12,Metro,Sgl Trip Rail Child/Youth,7821
2022-12,Train,Adult,9440309
2022-12,Train,CTP,6825016
2022-12,Train,Child/Youth,801421
2022-12,Train,Concession,729352
2022-12,Train,Day Pass Child/Youth w/o SAF,90
2022-12,Train,Day Pass without SAF,958
2022-12,Train,Employee,205108
2022-12,Train,Free Travel,20288
2022-12,Train,School Student,401437
2022-12,Train,Senior/Pensioner,2128260
2022-12,Train,Sgl Trip Rail Adult,117625
2022-12,Train,Sgl Trip Rail Child/Youth,63508
2023-01,Bus,Adult,5837688
2023-01,Bus,Adult Single Bus Trip 1,118
2023-01,Bus,Adult Single Bus Trip 2,39
2023-01,Bus,Adult Single Bus Trip 3,16
2023-01,Bus,CTP,5225867
2023-01,Bus,Child/Youth,937575
2023-01,Bus,Child/Youth Single Bus Trip 1,4
2023-01,Bus,Child/Youth Single Bus Trip 3,2
2023-01,Bus,Concession,497056
2023-01,Bus,Day Pass Child/Youth w/o SAF,27
2023-01,Bus,Day Pass without SAF,843
2023-01,Bus,Employee,53044
2023-01,Bus,Free Travel,24933
2023-01,Bus,On Demand,20233
2023-01,Bus,School Student,68263
2023-01,Bus,Senior/Pensioner,2864913
2023-01,Ferry,Adult,458697
2023-01,Ferry,CTP,602638
2023-01,Ferry,Child/Youth,156183
2023-01,Ferry,Concession,16483
2023-01,Ferry,Day Pass without SAF,3
2023-01,Ferry,Employee,5006
2023-01,Ferry,Free Travel,2108
2023-01,Ferry,School Student,592
2023-01,Ferry,Senior/Pensioner,198602
2023-01,Ferry,Sgl Trip Ferry Adult,42441
2023-01,Ferry,Sgl Trip Ferry Child/Youth,27107
2023-01,Light rail,Adult,1110981
2023-01,Light rail,CTP,1031438
2023-01,Light rail,Child/Youth,170987
2023-01,Light rail,Concession,93351
2023-01,Light rail,Day Pass Child/Youth w/o SAF,2
2023-01,Light rail,Day Pass without SAF,40
2023-01,Light rail,Employee,8167
2023-01,Light rail,Free Travel,3026
2023-01,Light rail,School Student,2246
2023-01,Light rail,Senior/Pensioner,358571
2023-01,Light rail,Sgl Trip LR Adult,5136
2023-01,Light rail,Sgl Trip LR Child/Youth,3370
2023-01,Metro,Adult,616617
2023-01,Metro,CTP,415504
2023-01,Metro,Child/Youth,150281
2023-01,Metro,Concession,79385
2023-01,Metro,Day Pass without SAF,10
2023-01,Metro,Employee,7705
2023-01,Metro,Free Travel,1034
2023-01,Metro,School Student,7161
2023-01,Metro,Senior/Pensioner,117304
2023-01,Metro,Sgl Trip Rail Adult,5058
2023-01,Metro,Sgl Trip Rail Child/Youth,7938
2023-01,Train,Adult,9018713
2023-01,Train,CTP,6630220
2023-01,Train,Child/Youth,967399
2023-01,Train,Concession,663041
2023-01,Train,Day Pass Child/Youth w/o SAF,17
2023-01,Train,Day Pass without SAF,892
2023-01,Train,Employee,193986
2023-01,Train,Free Travel,18695
2023-01,Train,School Student,46014
2023-01,Train,Senior/Pensioner,2013174
2023-01,Train,Sgl Trip Rail Adult,103423
2023-01,Train,Sgl Trip Rail Child/Youth,72852
2023-02,Bus,Adult,6556480
2023-02,Bus,Adult Single Bus Trip 1,123
2023-02,Bus,Adult Single Bus Trip 2,45
2023-02,Bus,Adult Single Bus Trip 3,18
2023-02,Bus,CTP,5722372
2023-02,Bus,Child/Youth,711553
2023-02,Bus,Child/Youth Single Bus Trip 1,3
2023-02,Bus,Concession,744808
2023-02,Bus,Day Pass Child/Youth w/o SAF,17
2023-02,Bus,Day Pass without SAF,797
2023-02,Bus,Employee,56198
2023-02,Bus,Free Travel,27684
2023-02,Bus,On Demand,20943
2023-02,Bus,School Student,1649956
2023-02,Bus,Senior/Pensioner,3008755
2023-02,Ferry,Adult,372101
2023-02,Ferry,CTP,522601
2023-02,Ferry,Child/Youth,44689
2023-02,Ferry,Concession,16731
2023-02,Ferry,Day Pass without SAF,11
2023-02,Ferry,Employee,4377
2023-02,Ferry,Free Travel,1734
2023-02,Ferry,School Student,9663
2023-02,Ferry,Senior/Pensioner,177824
2023-02,Ferry,Sgl Trip Ferry Adult,29743
2023-02,Ferry,Sgl Trip Ferry Child/Youth,6722
2023-02,Light rail,Adult,1156528
2023-02,Light rail,CTP,1117377
2023-02,Light rail,Child/Youth,86549
2023-02,Light rail,Concession,227531
2023-02,Light rail,Day Pass without SAF,49
2023-02,Light rail,Employee,7841
2023-02,Light rail,Free Travel,2880
2023-02,Light rail,School Student,39837
2023-02,Light rail,Senior/Pensioner,355797
2023-02,Light rail,Sgl Trip LR Adult,3896
2023-02,Light rail,Sgl Trip LR Child/Youth,919
2023-02,Metro,Adult,719458
2023-02,Metro,CTP,480110
2023-02,Metro,Child/Youth,92516
2023-02,Metro,Concession,126243
2023-02,Metro,Day Pass without SAF,15
2023-02,Metro,Employee,8932
2023-02,Metro,Free Travel,1186
2023-02,Metro,School Student,148817
2023-02,Metro,Senior/Pensioner,119054
2023-02,Metro,Sgl Trip Rail Adult,4560
2023-02,Metro,Sgl Trip Rail Child/Youth,4013
2023-02,Train,Adult,9966221
2023-02,Train,CTP,7363351
2023-02,Train,Child/Youth,588340
2023-02,Train,Concession,1028752
2023-02,Train,Day Pass Child/Youth w/o SAF,43
2023-02,Train,Day Pass without SAF,744
2023-02,Train,Employee,203824
2023-02,Train,Free Travel,21275
2023-02,Train,School Student,1020671
2023-02,Train,Senior/Pensioner,2096692
2023-02,Train,Sgl Trip Rail Adult,99920
2023-02,Train,Sgl Trip Rail Child/Youth,34769
2023-03,Bus,Adult,7519038
2023-03,Bus,Adult Single Bus Trip 1,166
2023-03,Bus,Adult Single Bus Trip 2,43
2023-03,Bus,Adult Single Bus Trip 3,35
2023-03,Bus,CTP,6535087
2023-03,Bus,Child/Youth,700890
2023-03,Bus,Child/Youth Single Bus Trip 1,2
2023-03,Bus,Child/Youth Single Bus Trip 2,1
2023-03,Bus,Child/Youth Single Bus Trip 3,4
2023-03,Bus,Concession,1124148
2023-03,Bus,Day Pass Child/Youth w/o SAF,5
2023-03,Bus,Day Pass without SAF,828
2023-03,Bus,Employee,63019
2023-03,Bus,Free Travel,31190
2023-03,Bus,On Demand,23727
2023-03,Bus,School Student,1838842
2023-03,Bus,Senior/Pensioner,3379990
2023-03,Ferry,Adult,392791
2023-03,Ferry,CTP,560673
2023-03,Ferry,Child/Youth,47928
2023-03,Ferry,Concession,20678
2023-03,Ferry,Day Pass without SAF,14
2023-03,Ferry,Employee,4107
2023-03,Ferry,Free Travel,1835
2023-03,Ferry,School Student,11554
2023-03,Ferry,Senior/Pensioner,179375
2023-03,Ferry,Sgl Trip Ferry Adult,30795
2023-03,Ferry,Sgl Trip Ferry Child/Youth,9368
2023-03,Light rail,Adult,1263515
2023-03,Light rail,CTP,1240900
2023-03,Light rail,Child/Youth,79402
2023-03,Light rail,Concession,328904
2023-03,Light rail,Day Pass without SAF,32
2023-03,Light rail,Employee,8668
2023-03,Light rail,Free Travel,3118
2023-03,Light rail,School Student,46106
2023-03,Light rail,Senior/Pensioner,372739
2023-03,Light rail,Sgl Trip LR Adult,3803
2023-03,Light rail,Sgl Trip LR Child/Youth,1069
2023-03,Metro,Adult,859491
2023-03,Metro,CTP,593827
2023-03,Metro,Child/Youth,94967
2023-03,Metro,Concession,236763
2023-03,Metro,Day Pass without SAF,16
2023-03,Metro,Employee,10210
2023-03,Metro,Free Travel,1577
2023-03,Metro,School Student,173163
2023-03,Metro,Senior/Pensioner,135604
2023-03,Metro,Sgl Trip Rail Adult,4970
2023-03,Metro,Sgl Trip Rail Child/Youth,4484
2023-03,Train,Adult,11361473
2023-03,Train,CTP,8328869
2023-03,Train,Child/Youth,581902
2023-03,Train,Concession,1610377
2023-03,Train,Day Pass Child/Youth w/o SAF,35
2023-03,Train,Day Pass without SAF,753
2023-03,Train,Employee,226388
2023-03,Train,Free Travel,23917
2023-03,Train,School Student,1167751
2023-03,Train,Senior/Pensioner,2317254
2023-03,Train,Sgl Trip Rail Adult,110408
2023-03,Train,Sgl Trip Rail Child/Youth,40080
2023-04,Bus,Adult,6160543
2023-04,Bus,Adult Single Bus Trip 1,136
2023-04,Bus,Adult Single Bus Trip 2,38
2023-04,Bus,Adult Single Bus Trip 3,19
2023-04,Bus,CTP,5449786
2023-04,Bus,Child/Youth,793429
2023-04,Bus,Child/Youth Single Bus Trip 1,4
2023-04,Bus,Concession,737056
2023-04,Bus,Day Pass Child/Youth w/o SAF,10
2023-04,Bus,Day Pass without SAF,640
2023-04,Bus,Employee,52762
2023-04,Bus,Free Travel,25999
2023-04,Bus,On Demand,19879
2023-04,Bus,School Student,535317
2023-04,Bus,Senior/Pensioner,2870360
2023-04,Ferry,Adult,376680
2023-04,Ferry,CTP,505026
2023-04,Ferry,Child/Youth,105759
2023-04,Ferry,Concession,15783
2023-04,Ferry,Day Pass without SAF,10
2023-04,Ferry,Employee,3908
2023-04,Ferry,Free Travel,1571
2023-04,Ferry,School Student,3444
2023-04,Ferry,Senior/Pensioner,165124
2023-04,Ferry,Sgl Trip Ferry Adult,35373
2023-04,Ferry,Sgl Trip Ferry Child/Youth,21510
2023-04,Light rail,Adult,1035060
2023-04,Light rail,CTP,1001129
2023-04,Light rail,Child/Youth,119764
2023-04,Light rail,Concession,218283
2023-04,Light rail,Day Pass Child/Youth w/o SAF,1
2023-04,Light rail,Day Pass without SAF,48
2023-04,Light rail,Employee,7343
2023-04,Light rail,Free Travel,2502
2023-04,Light rail,School Student,13673
2023-04,Light rail,Senior/Pensioner,312835
2023-04,Light rail,Sgl Trip LR Adult,3796
2023-04,Light rail,Sgl Trip LR Child/Youth,2192
2023-04,Metro,Adult,692354
2023-04,Metro,CTP,488164
2023-04,Metro,Child/Youth,132364
2023-04,Metro,Concession,133672
2023-04,Metro,Day Pass without SAF,12
2023-04,Metro,Employee,7441
2023-04,Metro,Free Travel,1154
2023-04,Metro,School Student,52326
2023-04,Metro,Senior/Pensioner,120699
2023-04,Metro,Sgl Trip Rail Adult,4655
2023-04,Metro,Sgl Trip Rail Child/Youth,6337
2023-04,Train,Adult,9567193
2023-04,Train,CTP,7118961
2023-04,Train,Child/Youth,835400
2023-04,Train,Concession,1054815
2023-04,Train,Day Pass Child/Youth w/o SAF,17
2023-04,Train,Day Pass without SAF,724
2023-04,Train,Employee,189165
2023-04,Train,Free Travel,20247
2023-04,Train,School Student,352915
2023-04,Train,Senior/Pensioner,2045717
2023-04,Train,Sgl Trip Rail Adult,93819
2023-04,Train,Sgl Trip Rail Child/Youth,60464
2023-05,Bus,Adult,7183054
2023-05,Bus,Adult Single Bus Trip 1,122
2023-05,Bus,Adult Single Bus Trip 2,60
2023-05,Bus,Adult Single Bus Trip 3,50
2023-05,Bus,CTP,6225131
2023-05,Bus,Child/Youth,620035
2023-05,Bus,Child/Youth Single Bus Trip 1,4
2023-05,Bus,Child/Youth Single Bus Trip 2,6
2023-05,Bus,Concession,913933
2023-05,Bus,Day Pass Child/Youth w/o SAF,42
2023-05,Bus,Day Pass without SAF,812
2023-05,Bus,Employee,60831
2023-05,Bus,Free Travel,30606
2023-05,Bus,On Demand,23498
2023-05,Bus,School Student,1732938
2023-05,Bus,Senior/Pensioner,3303661
2023-05,Ferry,Adult,342935
2023-05,Ferry,CTP,476029
2023-05,Ferry,Child/Youth,44247
2023-05,Ferry,Concession,17959
2023-05,Ferry,Day Pass Child/Youth w/o SAF,192
2023-05,Ferry,Day Pass without SAF,62
2023-05,Ferry,Employee,4379
2023-05,Ferry,Free Travel,1826
2023-05,Ferry,School Student,10800
2023-05,Ferry,Senior/Pensioner,179950
2023-05,Ferry,Sgl Trip Ferry Adult,22430
2023-05,Ferry,Sgl Trip Ferry Child/Youth,7432
2023-05,Light rail,Adult,1210127
2023-05,Light rail,CTP,1168270
2023-05,Light rail,Child/Youth,67316
2023-05,Light rail,Concession,195075
2023-05,Light rail,Day Pass Child/Youth w/o SAF,41
2023-05,Light rail,Day Pass without SAF,44
2023-05,Light rail,Employee,8635
2023-05,Light rail,Free Travel,3017
2023-05,Light rail,School Student,45586
2023-05,Light rail,Senior/Pensioner,376123
2023-05,Light rail,Sgl Trip LR Adult,3756
2023-05,Light rail,Sgl Trip LR Child/Youth,1159
2023-05,Metro,Adult,850043
2023-05,Metro,CTP,591619
2023-05,Metro,Child/Youth,77264
2023-05,Metro,Concession,186032
2023-05,Metro,Day Pass Child/Youth w/o SAF,14
2023-05,Metro,Day Pass without SAF,7
2023-05,Metro,Employee,10185
2023-05,Metro,Free Travel,1470
2023-05,Metro,School Student,172299
2023-05,Metro,Senior/Pensioner,135577
2023-05,Metro,Sgl Trip Rail Adult,4280
2023-05,Metro,Sgl Trip Rail Child/Youth,4203
2023-05,Train,Adult,11513916
2023-05,Train,CTP,8499972
2023-05,Train,Child/Youth,541395
2023-05,Train,Concession,1282805
2023-05,Train,Day Pass Child/Youth w/o SAF,40
2023-05,Train,Day Pass without SAF,848
2023-05,Train,Employee,229190
2023-05,Train,Free Travel,23881
2023-05,Train,School Student,1169300
2023-05,Train,Senior/Pensioner,2363546
2023-05,Train,Sgl Trip Rail Adult,95421
2023-05,Train,Sgl Trip Rail Child/Youth,38794
2023-06,Bus,Adult,6737620
2023-06,Bus,Adult Single Bus Trip 1,122
2023-06,Bus,Adult Single Bus Trip 2,36
2023-06,Bus,Adult Single Bus Trip 3,20
2023-06,Bus,CTP,5807866
2023-06,Bus,Child/Youth,631376
2023-06,Bus,Child/Youth Single Bus Trip 1,2
2023-06,Bus,Child/Youth Single Bus Trip 2,2
2023-06,Bus,Child/Youth Single Bus Trip 3,2
2023-06,Bus,Concession,738771
2023-06,Bus,Day Pass Child/Youth w/o SAF,32
2023-06,Bus,Day Pass without SAF,795
2023-06,Bus,Employee,59092
2023-06,Bus,Free Travel,28632
2023-06,Bus,On Demand,21708
2023-06,Bus,School Student,1438756
2023-06,Bus,Senior/Pensioner,3121090
2023-06,Ferry,Adult,368793
2023-06,Ferry,CTP,525745
2023-06,Ferry,Child/Youth,81197
2023-06,Ferry,Concession,17989
2023-06,Ferry,Day Pass Child/Youth w/o SAF,180
2023-06,Ferry,Day Pass without SAF,25
2023-06,Ferry,Employee,4629
2023-06,Ferry,Free Travel,1959
2023-06,Ferry,School Student,9444
2023-06,Ferry,Senior/Pensioner,187557
2023-06,Ferry,Sgl Trip Ferry Adult,25841
2023-06,Ferry,Sgl Trip Ferry Child/Youth,15060
2023-06,Light rail,Adult,1215247
2023-06,Light rail,CTP,1192649
2023-06,Light rail,Child/Youth,98239
2023-06,Light rail,Concession,290288
2023-06,Light rail,Day Pass without SAF,54
2023-06,Light rail,Employee,9010
2023-06,Light rail,Free Travel,3044
2023-06,Light rail,School Student,36701
2023-06,Light rail,Senior/Pensioner,378319
2023-06,Light rail,Sgl Trip LR Adult,3976
2023-06,Light rail,Sgl Trip LR Child/Youth,2101
2023-06,Metro,Adult,804348
2023-06,Metro,CTP,561048
2023-06,Metro,Child/Youth,97142
2023-06,Metro,Concession,127955
2023-06,Metro,Day Pass without SAF,12
2023-06,Metro,Employee,10409
2023-06,Metro,Free Travel,1396
2023-06,Metro,School Student,151260
2023-06,Metro,Senior/Pensioner,137428
2023-06,Metro,Sgl Trip Rail Adult,5053
2023-06,Metro,Sgl Trip Rail Child/Youth,5699
2023-06,Train,Adult,11125518
2023-06,Train,CTP,8362292
2023-06,Train,Child/Youth,699889
2023-06,Train,Concession,1035260
2023-06,Train,Day Pass Child/Youth w/o SAF,53
2023-06,Train,Day Pass without SAF,762
2023-06,Train,Employee,232823
2023-06,Train,Free Travel,22808
2023-06,Train,School Student,989713
2023-06,Train,Senior/Pensioner,2313958
2023-06,Train,Sgl Trip Rail Adult,98915
2023-06,Train,Sgl Trip Rail Child/Youth,55583
2023-07,Bus,Adult,6954647
2023-07,Bus,Adult Single Bus Trip 1,167
2023-07,Bus,Adult Single Bus Trip 2,58
2023-07,Bus,Adult Single Bus Trip 3,31
2023-07,Bus,CTP,5933683
2023-07,Bus,Child/Youth,862457
2023-07,Bus,Child/Youth Single Bus Trip 1,2
2023-07,Bus,Child/Youth Single Bus Trip 2,2
2023-07,Bus,Concession,704268
2023-07,Bus,Day Pass Child/Youth w/o SAF,75
2023-07,Bus,Day Pass without SAF,897
2023-07,Bus,Employee,55711
2023-07,Bus,Free Travel,28817
2023-07,Bus,On Demand,22410
2023-07,Bus,School Student,732360
2023-07,Bus,Senior/Pensioner,3144619
2023-07,Ferry,Adult,377456
2023-07,Ferry,CTP,507179
2023-07,Ferry,Child/Youth,115924
2023-07,Ferry,Concession,16318
2023-07,Ferry,Day Pass without SAF,14
2023-07,Ferry,Employee,4069
2023-07,Ferry,Free Travel,1813
2023-07,Ferry,School Student,4909
2023-07,Ferry,Senior/Pensioner,177909
2023-07,Ferry,Sgl Trip Ferry Adult,33586
2023-07,Ferry,Sgl Trip Ferry Child/Youth,23753
2023-07,Light rail,Adult,1149868
2023-07,Light rail,CTP,1104264
2023-07,Light rail,Child/Youth,134564
2023-07,Light rail,Concession,235995
2023-07,Light rail,Day Pass Child/Youth w/o SAF,3
2023-07,Light rail,Day Pass without SAF,54
2023-07,Light rail,Employee,7572
2023-07,Light rail,Free Travel,2689
2023-07,Light rail,School Student,18370
2023-07,Light rail,Senior/Pensioner,343471
2023-07,Light rail,Sgl Trip LR Adult,4842
2023-07,Light rail,Sgl Trip LR Child/Youth,3125
2023-07,Metro,Adult,825582
2023-07,Metro,CTP,569571
2023-07,Metro,Child/Youth,149843
2023-07,Metro,Concession,124525
2023-07,Metro,Day Pass without SAF,5
2023-07,Metro,Employee,9371
2023-07,Metro,Free Travel,1427
2023-07,Metro,School Student,78880
2023-07,Metro,Senior/Pensioner,143432
2023-07,Metro,Sgl Trip Rail Adult,5401
2023-07,Metro,Sgl Trip Rail Child/Youth,7864
2023-07,Train,Adult,11122119
2023-07,Train,CTP,8136606
2023-07,Train,Child/Youth,907208
2023-07,Train,Concession,977222
2023-07,Train,Day Pass Child/Youth w/o SAF,257
2023-07,Train,Day Pass without SAF,846
2023-07,Train,Employee,218727
2023-07,Train,Free Travel,22258
2023-07,Train,School Student,515761
2023-07,Train,Senior/Pensioner,2273206
2023-07,Train,Sgl Trip Rail Adult,101309
2023-07,Train,Sgl Trip Rail Child/Youth,68642
2023-08,Bus,Adult,7488394
2023-08,Bus,Adult Single Bus Trip 1,119
2023-08,Bus,Adult Single Bus Trip 2,40
2023-08,Bus,Adult Single Bus Trip 3,12
2023-08,Bus,CTP,6452578
2023-08,Bus,Child/Youth,654775
2023-08,Bus,Child/Youth Single Bus Trip 1,9
2023-08,Bus,Child/Youth Single Bus Trip 2,1
2023-08,Bus,Concession,1009829
2023-08,Bus,Day Pass Child/Youth w/o SAF,24
2023-08,Bus,Day Pass without SAF,1072
2023-08,Bus,Employee,61504
2023-08,Bus,Free Travel,30404
2023-08,Bus,On Demand,23305
2023-08,Bus,School Student,1659586
2023-08,Bus,Senior/Pensioner,3327349
2023-08,Ferry,Adult,350097
2023-08,Ferry,CTP,492569
2023-08,Ferry,Child/Youth,58485
2023-08,Ferry,Concession,17980
2023-08,Ferry,Day Pass without SAF,6
2023-08,Ferry,Employee,4023
2023-08,Ferry,Free Travel,1505
2023-08,Ferry,School Student,10774
2023-08,Ferry,Senior/Pensioner,171227
2023-08,Ferry,Sgl Trip Ferry Adult,28060
2023-08,Ferry,Sgl Trip Ferry Child/Youth,12682
2023-08,Light rail,Adult,1275747
2023-08,Light rail,CTP,1253138
2023-08,Light rail,Child/Youth,90965
2023-08,Light rail,Concession,218189
2023-08,Light rail,Day Pass Child/Youth w/o SAF,8
2023-08,Light rail,Day Pass without SAF,45
2023-08,Light rail,Employee,9078
2023-08,Light rail,Free Travel,3044
2023-08,Light rail,School Student,40469
2023-08,Light rail,Senior/Pensioner,381478
2023-08,Light rail,Sgl Trip LR Adult,4586
2023-08,Light rail,Sgl Trip LR Child/Youth,2033
2023-08,Metro,Adult,909233
2023-08,Metro,CTP,635045
2023-08,Metro,Child/Youth,83827
2023-08,Metro,Concession,215132
2023-08,Metro,Day Pass without SAF,11
2023-08,Metro,Employee,10206
2023-08,Metro,Free Travel,1528
2023-08,Metro,School Student,177958
2023-08,Metro,Senior/Pensioner,146962
2023-08,Metro,Sgl Trip Rail Adult,4397
2023-08,Metro,Sgl Trip Rail Child/Youth,4478
2023-08,Train,Adult,12120198
2023-08,Train,CTP,9038757
2023-08,Train,Child/Youth,601211
2023-08,Train,Concession,1466217
2023-08,Train,Day Pass Child/Youth w/o SAF,53
2023-08,Train,Day Pass without SAF,954
2023-08,Train,Employee,244741
2023-08,Train,Free Travel,24221
2023-08,Train,School Student,1166240
2023-08,Train,Senior/Pensioner,2435494
2023-08,Train,Sgl Trip Rail Adult,98722
2023-08,Train,Sgl Trip Rail Child/Youth,45109
2023-09,Bus,Adult,7210065
2023-09,Bus,Adult Single Bus Trip 1,205
2023-09,Bus,Adult Single Bus Trip 2,36
2023-09,Bus,Adult Single Bus Trip 3,21
2023-09,Bus,CTP,6414509
2023-09,Bus,Child/Youth,745820
2023-09,Bus,Child/Youth Single Bus Trip 1,4
2023-09,Bus,Child/Youth Single Bus Trip 2,6
2023-09,Bus,Concession,878719
2023-09,Bus,Day Pass Child/Youth w/o SAF,35
2023-09,Bus,Day Pass without SAF,1104
2023-09,Bus,Employee,59160
2023-09,Bus,Free Travel,28199
2023-09,Bus,On Demand,21874
2023-09,Bus,School Student,1103009
2023-09,Bus,Senior/Pensioner,3177181
2023-09,Ferry,Adult,376791
2023-09,Ferry,CTP,556722
2023-09,Ferry,Child/Youth,92422
2023-09,Ferry,Concession,19627
2023-09,Ferry,Day Pass Child/Youth w/o SAF,288
2023-09,Ferry,Day Pass without SAF,64
2023-09,Ferry,Employee,4148
2023-09,Ferry,Free Travel,1866
2023-09,Ferry,School Student,9030
2023-09,Ferry,Senior/Pensioner,179761
2023-09,Ferry,Sgl Trip Ferry Adult,29477
2023-09,Ferry,Sgl Trip Ferry Child/Youth,16992
2023-09,Light rail,Adult,1358618
2023-09,Light rail,CTP,1359296
2023-09,Light rail,Child/Youth,125859
2023-09,Light rail,Concession,271630
2023-09,Light rail,Day Pass Child/Youth w/o SAF,2
2023-09,Light rail,Day Pass without SAF,41
2023-09,Light rail,Employee,9270
2023-09,Light rail,Free Travel,3081
2023-09,Light rail,School Student,27329
2023-09,Light rail,Senior/Pensioner,397490
2023-09,Light rail,Sgl Trip LR Adult,4465
2023-09,Light rail,Sgl Trip LR Child/Youth,2130
2023-09,Metro,Adult,840910
2023-09,Metro,CTP,604732
2023-09,Metro,Child/Youth,117707
2023-09,Metro,Concession,158540
2023-09,Metro,Day Pass without SAF,3
2023-09,Metro,Employee,9809
2023-09,Metro,Free Travel,1399
2023-09,Metro,School Student,126407
2023-09,Metro,Senior/Pensioner,146648
2023-09,Metro,Sgl Trip Rail Adult,4262
2023-09,Metro,Sgl Trip Rail Child/Youth,6096
2023-09,Train,Adult,11311219
2023-09,Train,CTP,8689041
2023-09,Train,Child/Youth,738875
2023-09,Train,Concession,1262255
2023-09,Train,Day Pass Child/Youth w/o SAF,39
2023-09,Train,Day Pass without SAF,946
2023-09,Train,Employee,225478
2023-09,Train,Free Travel,22390
2023-09,Train,School Student,786034
2023-09,Train,Senior/Pensioner,2331482
2023-09,Train,Sgl Trip Rail Adult,94539
2023-09,Train,Sgl Trip Rail Child/Youth,52145
2023-10,Bus,Adult,7376720
2023-10,Bus,Adult Single Bus Trip 1,109
2023-10,Bus,Adult Single Bus Trip 2,48
2023-10,Bus,Adult Single Bus Trip 3,26
2023-10,Bus,CTP,6848735
2023-10,Bus,Child/Youth,750832
2023-10,Bus,Child/Youth Single Bus Trip 1,1
2023-10,Bus,Child/Youth Single Bus Trip 3,1
2023-10,Bus,Concession,913122
2023-10,Bus,Day Pass Child/Youth w/o SAF,46
2023-10,Bus,Day Pass without SAF,965
2023-10,Bus,Employee,62160
2023-10,Bus,Free Travel,29730
2023-10,Bus,On Demand,22581
2023-10,Bus,School Student,1149219
2023-10,Bus,Senior/Pensioner,3261947
2023-10,Ferry,Adult,442219
2023-10,Ferry,CTP,702214
2023-10,Ferry,Child/Youth,86327
2023-10,Ferry,Concession,20405
2023-10,Ferry,Day Pass without SAF,25
2023-10,Ferry,Employee,4548
2023-10,Ferry,Free Travel,1941
2023-10,Ferry,School Student,7801
2023-10,Ferry,Senior/Pensioner,190452
2023-10,Ferry,Sgl Trip Ferry Adult,30061
2023-10,Ferry,Sgl Trip Ferry Child/Youth,14062
2023-10,Light rail,Adult,1348216
2023-10,Light rail,CTP,1413262
2023-10,Light rail,Child/Youth,104704
2023-10,Light rail,Concession,275764
2023-10,Light rail,Day Pass Child/Youth w/o SAF,1
2023-10,Light rail,Day Pass without SAF,68
2023-10,Light rail,Employee,9672
2023-10,Light rail,Free Travel,2962
2023-10,Light rail,School Student,26385
2023-10,Light rail,Senior/Pensioner,403177
2023-10,Light rail,Sgl Trip LR Adult,4201
2023-10,Light rail,Sgl Trip LR Child/Youth,1770
2023-10,Metro,Adult,852938
2023-10,Metro,CTP,601032
2023-10,Metro,Child/Youth,110704
2023-10,Metro,Concession,177429
2023-10,Metro,Day Pass without SAF,10
2023-10,Metro,Employee,10057
2023-10,Metro,Free Travel,1623
2023-10,Metro,School Student,128319
2023-10,Metro,Senior/Pensioner,141713
2023-10,Metro,Sgl Trip Rail Adult,4173
2023-10,Metro,Sgl Trip Rail Child/Youth,5416
2023-10,Train,Adult,11463667
2023-10,Train,CTP,9076600
2023-10,Train,Child/Youth,705858
2023-10,Train,Concession,1300116
2023-10,Train,Day Pass Child/Youth w/o SAF,23
2023-10,Train,Day Pass without SAF,999
2023-10,Train,Employee,233221
2023-10,Train,Free Travel,22991
2023-10,Train,School Student,798096
2023-10,Train,Senior/Pensioner,2357874
2023-10,Train,Sgl Trip Rail Adult,96729
2023-10,Train,Sgl Trip Rail Child/Youth,49139
2023-11,Bus,Adult,7332267
2023-11,Bus,Adult Single Bus Trip 1,120
2023-11,Bus,Adult Single Bus Trip 2,72
2023-11,Bus,Adult Single Bus Trip 3,29
2023-11,Bus,CTP,7022689
2023-11,Bus,Child/Youth,638475
2023-11,Bus,Child/Youth Single Bus Trip 2,1
2023-11,Bus,Child/Youth Single Bus Trip 3,2
2023-11,Bus,Concession,764431
2023-11,Bus,Day Pass Child/Youth w/o SAF,35
2023-11,Bus,Day Pass without SAF,1000
2023-11,Bus,Employee,62959
2023-11,Bus,Free Travel,30071
2023-11,Bus,On Demand,22514
2023-11,Bus,School Student,1421368
2023-11,Bus,Senior/Pensioner,3352004
2023-11,Ferry,Adult,404050
2023-11,Ferry,CTP,700752
2023-11,Ferry,Child/Youth,54515
2023-11,Ferry,Concession,16881
2023-11,Ferry,Day Pass Child/Youth w/o SAF,179
2023-11,Ferry,Day Pass without SAF,51
2023-11,Ferry,Employee,4495
2023-11,Ferry,Free Travel,1798
2023-11,Ferry,School Student,11206
2023-11,Ferry,Senior/Pensioner,178886
2023-11,Ferry,Sgl Trip Ferry Adult,26596
2023-11,Ferry,Sgl Trip Ferry Child/Youth,7473
2023-11,Light rail,Adult,1303119
2023-11,Light rail,CTP,1454149
2023-11,Light rail,Child/Youth,82530
2023-11,Light rail,Concession,228118
2023-11,Light rail,Day Pass Child/Youth w/o SAF,6
2023-11,Light rail,Day Pass without SAF,23
2023-11,Light rail,Employee,10259
2023-11,Light rail,Free Travel,3282
2023-11,Light rail,School Student,36321
2023-11,Light rail,Senior/Pensioner,395800
2023-11,Light rail,Sgl Trip LR Adult,4257
2023-11,Light rail,Sgl Trip LR Child/Youth,1258
2023-11,Metro,Adult,854398
2023-11,Metro,CTP,611217
2023-11,Metro,Child/Youth,90685
2023-11,Metro,Concession,128213
2023-11,Metro,Day Pass without SAF,103
2023-11,Metro,Employee,10148
2023-11,Metro,Free Travel,1674
2023-11,Metro,School Student,166224
2023-11,Metro,Senior/Pensioner,147231
2023-11,Metro,Sgl Trip Rail Adult,4240
2023-11,Metro,Sgl Trip Rail Child/Youth,4173
2023-11,Train,Adult,11520770
2023-11,Train,CTP,9333408
2023-11,Train,Child/Youth,591971
2023-11,Train,Concession,1036134
2023-11,Train,Day Pass Child/Youth w/o SAF,99
2023-11,Train,Day Pass without SAF,847
2023-11,Train,Employee,240870
2023-11,Train,Free Travel,24423
2023-11,Train,School Student,1015165
2023-11,Train,Senior/Pensioner,2426988
2023-11,Train,Sgl Trip Rail Adult,98566
2023-11,Train,Sgl Trip Rail Child/Youth,37905
2023-12,Bus,Adult,6549702
2023-12,Bus,Adult Single Bus Trip 1,140
2023-12,Bus,Adult Single Bus Trip 2,36
2023-12,Bus,Adult Single Bus Trip 3,21
2023-12,Bus,CTP,6687137
2023-12,Bus,Child/Youth,785362
2023-12,Bus,Child/Youth Single Bus Trip 1,2
2023-12,Bus,Child/Youth Single Bus Trip 2,1
2023-12,Bus,Concession,564378
2023-12,Bus,Day Pass Child/Youth w/o SAF,17
2023-12,Bus,Day Pass without SAF,997
2023-12,Bus,Employee,59302
2023-12,Bus,Free Travel,27567
2023-12,Bus,On Demand,15806
2023-12,Bus,School Student,534142
2023-12,Bus,Senior/Pensioner,3110059
2023-12,Ferry,Adult,491518
2023-12,Ferry,CTP,871192
2023-12,Ferry,Child/Youth,116958
2023-12,Ferry,Concession,20164
2023-12,Ferry,Day Pass Child/Youth w/o SAF,1
2023-12,Ferry,Day Pass without SAF,54
2023-12,Ferry,Employee,4780
2023-12,Ferry,Free Travel,1927
2023-12,Ferry,School Student,7751
2023-12,Ferry,Senior/Pensioner,189227
2023-12,Ferry,Sgl Trip Ferry Adult,43494
2023-12,Ferry,Sgl Trip Ferry Child/Youth,23973
2023-12,Light rail,Adult,1306756
2023-12,Light rail,CTP,1471476
2023-12,Light rail,Child/Youth,150129
2023-12,Light rail,Concession,113059
2023-12,Light rail,Day Pass Child/Youth w/o SAF,5
2023-12,Light rail,Day Pass without SAF,62
2023-12,Light rail,Employee,10611
2023-12,Light rail,Free Travel,3211
2023-12,Light rail,School Student,16109
2023-12,Light rail,Senior/Pensioner,412353
2023-12,Light rail,Sgl Trip LR Adult,5543
2023-12,Light rail,Sgl Trip LR Child/Youth,3046
2023-12,Metro,Adult,696442
2023-12,Metro,CTP,495799
2023-12,Metro,Child/Youth,118042
2023-12,Metro,Concession,86498
2023-12,Metro,Day Pass without SAF,16
2023-12,Metro,Employee,8678
2023-12,Metro,Free Travel,1244
2023-12,Metro,School Student,66932
2023-12,Metro,Senior/Pensioner,133081
2023-12,Metro,Sgl Trip Rail Adult,5328
2023-12,Metro,Sgl Trip Rail Child/Youth,6936
2023-12,Train,Adult,10193440
2023-12,Train,CTP,8647730
2023-12,Train,Child/Youth,834275
2023-12,Train,Concession,756908
2023-12,Train,Day Pass Child/Youth w/o SAF,20
2023-12,Train,Day Pass without SAF,972
2023-12,Train,Employee,223869
2023-12,Train,Free Travel,20763
2023-12,Train,School Student,389493
2023-12,Train,Senior/Pensioner,2281825
2023-12,Train,Sgl Trip Rail Adult,114216
2023-12,Train,Sgl Trip Rail Child/Youth,70483
